2.76616008,2.78222806,2.84913174,2.79494698,1.56523188,1.56603494,1.40267098,1.74915171,1.7039315,1.46640276,1.51289308,1.59791147,3.01948596,3.03193771,2.91991368,2.98297072,3.07429035,2.97087914,2.97666163,3.02168032
2.88209425,3.00122778,2.80923981,2.95909209,1.48477413,1.5809753,1.57255101,1.64489944,1.54143197,1.47525013,1.64000546,1.62339939,3.02243949,3.03722892,3.06263561,3.19681861,2.86747752,2.79176218,2.99834164,2.83223372
2.88276342,2.93790022,2.84183909,2.89199052,1.67939311,1.58441795,1.56382526,1.45574429,1.6115337,1.71719104,1.38296831,1.56590742,3.02581525,3.11375837,3.03240827,2.95227335,2.86794485,2.90123195,3.01106334,2.92941959
2.76418309,2.80766827,2.99754734,3.05919514,1.53040561,1.71463355,1.53199903,1.48554854,1.64583893,1.62846903,1.51801359,1.47725754,3.13085951,2.99614288,2.96733201,2.98088505,2.83663454,2.94818325,3.00709668,2.9833431
3.02290369,3.01786054,2.97547543,2.88071929,1.48071452,1.64051584,1.60071001,1.55900519,1.55280687,1.58045815,1.61946046,1.52732507,2.80786489,2.96618417,2.98978137,3.18956795,2.85210605,2.74829979,3.19868016,2.97645809
2.7630251,2.74963707,2.98219041,2.86542631,1.65117336,1.59423398,1.44689282,1.57190872,1.65992913,1.62052473,1.44424383,1.55748354,3.12537416,2.82170393,3.08264685,3.13184246,2.90174773,2.85743553,2.83459167,3.18000657
2.90453184,2.84715172,2.94845396,2.78684325,1.50671871,1.76076096,1.54089094,1.4779759,1.61805148,1.65253363,1.57110586,1.44287161,2.91142046,2.94414452,2.98559071,3.2488017,2.8161676,2.76357386,3.174572,3.02289073
2.74396957,2.83113192,2.74991798,2.85438816,1.49636537,1.72980733,1.54434648,1.5123381,1.56590319,1.70032036,1.56706806,1.44953537,2.94991059,2.85886819,2.95657894,2.92190347,3.0719223,2.98410616,3.07483636,3.18712679
2.89728682,2.89899834,2.96476125,2.88403833,1.5308917,1.59886118,1.49432274,1.65806646,1.59355546,1.42813526,1.62271001,1.63899483,2.94999998,2.8467875,2.88555296,3.24603389,2.98289944,2.87811354,3.07257175,2.9415533
2.80551811,2.90758726,2.85623244,2.99098394,1.59130665,1.66513752,1.46822007,1.55846706,1.60334078,1.64079617,1.58384532,1.45507278,2.9622332,3.09233161,3.12414341,2.90142579,2.97858606,3.0496543,2.89742109,2.83461522
2.85118708,2.97736783,2.79886109,2.90127242,1.58705829,1.47668079,1.63495392,1.58424799,1.45042681,1.62470099,1.55374653,1.65346836,2.97491678,2.84957542,2.93067806,3.19388265,3.13890098,2.74160533,2.92429522,3.09623015
3.02655084,2.71044741,2.88266324,3.0234109,1.57941201,1.63392052,1.53953248,1.52542465,1.57389253,1.64008681,1.55631266,1.52764494,2.87863255,3.0048994,3.12958966,2.90322358,2.89558521,3.0123937,2.98202249,3.0565224
3.08615851,2.78483769,2.93714428,2.97756869,1.51303269,1.73026425,1.5640408,1.48122404,1.61321258,1.60886015,1.57318445,1.49542686,3.07877665,3.01244674,2.87927198,3.11066179,2.8976969,2.82944105,2.9944514,2.9846618
3.05467657,2.81160127,2.96929448,2.96764085,1.63168823,1.56990802,1.51359304,1.56886832,1.63672205,1.61042295,1.4671474,1.57175779,2.99112704,3.15680566,2.72192222,3.11252958,3.21784788,2.72634314,2.91690385,2.92772186
2.88850876,2.95589125,2.87361556,2.91873829,1.59175697,1.61258766,1.45438996,1.62439888,1.69338024,1.51912051,1.50216046,1.56907848,3.13892287,2.94409412,2.76311648,3.19116234,3.13815353,2.73408007,2.878457,3.01133379
2.87636158,2.81090574,2.86194788,2.88512712,1.64096798,1.62867875,1.49537349,1.51624002,1.58418908,1.67104625,1.48114937,1.54563941,3.20498986,2.97698968,2.88505288,3.22090323,3.12373117,2.76587788,2.71422418,2.98438284
2.92789487,2.95564618,2.84646233,2.94023948,1.51746655,1.53064185,1.55004496,1.68607504,1.59928901,1.41924898,1.58465183,1.67939132,3.03963172,2.77466252,3.07628799,3.06369787,2.78320885,2.89759712,3.01674843,3.13955006
2.9071696,2.8886061,2.86659096,2.86980321,1.46036452,1.56002911,1.5664584,1.69639984,1.59299378,1.51984547,1.6110581,1.55806914,2.91986897,2.9860148,3.0401993,3.12996012,2.95267911,2.68673974,3.00637382,3.11777097
2.7047822,2.71916652,3.09068493,2.84682975,1.4569565,1.62359677,1.66697798,1.52584754,1.46953461,1.69112298,1.60776058,1.4933375,2.93989559,3.08717811,2.90509009,2.85390211,3.06309122,3.08206987,3.05413769,2.9944858
2.93908639,2.84553375,2.93249219,2.97837039,1.43506947,1.6235912,1.6192072,1.60584105,1.53321506,1.60802118,1.65088474,1.4906919,2.82191197,3.02985209,3.18607272,2.83868272,2.80109691,2.96589124,3.07471367,3.0704101
2.91619222,2.73425031,2.84376065,2.98044066,1.65489797,1.63404277,1.46229911,1.5347233,1.65624458,1.60111212,1.4640039,1.57037722,2.84308797,2.99828518,3.09478644,2.92704082,2.87009619,3.03162438,3.11353154,3.00417265
2.78074048,2.86804289,3.10254603,2.89690548,1.42562655,1.62599799,1.63810797,1.5897284,1.47786933,1.5701209,1.70408055,1.52688759,3.0926046,2.86343273,2.95504354,2.9239949,2.98864788,3.07318216,2.87980381,3.05743969
2.94029842,2.99738601,2.8495678,2.92035629,1.61342468,1.47344824,1.62169151,1.57392376,1.52201822,1.55903956,1.48737353,1.70755074,3.10269464,2.919613,3.0795298,3.01413807,2.79112255,2.92135049,2.93800971,3.01678281
2.76301557,2.91181838,2.90398223,2.83677627,1.67169613,1.49586597,1.48952349,1.6283088,1.60840387,1.57992019,1.45353723,1.64659356,2.96044856,2.96288704,2.83510013,3.09689018,3.16457743,2.87479,3.00721016,2.99279066
2.94526558,2.90223555,2.9235187,2.96918585,1.41294865,1.64217607,1.52940999,1.69906289,1.59734459,1.47232667,1.70269416,1.51230817,2.75945256,2.98423152,3.10897522,2.9204114,2.84355438,2.99239356,3.16960579,2.98547496
2.89361728,2.82702234,2.90809792,2.97639777,1.50510496,1.54761519,1.58032058,1.65182,1.55013815,1.47165692,1.60265638,1.64243305,3.17756991,2.96588623,2.81152125,2.86155929,3.0949094,3.12161249,2.82399029,2.96637629
2.85458226,2.86101414,2.83505688,2.75769459,1.64479108,1.62625667,1.54701539,1.46594648,1.55844639,1.68136361,1.45096557,1.59185206,3.0584182,2.92354297,2.90008937,2.87697919,3.00430339,3.18654679,2.98652006,3.00080897
2.847525,3.06230892,2.81816143,2.78327683,1.68602452,1.56233013,1.58688847,1.44172826,1.48736364,1.76512884,1.45248257,1.57027497,3.06243759,2.91255492,3.25906869,3.10100941,2.77293626,2.89232379,2.86550715,3.01276538
2.839735,2.94883788,2.86453545,2.86732584,1.70248728,1.63148174,1.44073584,1.51167441,1.67594641,1.65051783,1.4316179,1.52704694,2.89142749,2.93308075,3.01137664,3.24045925,2.95093026,2.74631019,3.08909042,2.98113385
2.88491117,2.75547348,2.8320967,2.76889,1.66534299,1.48683115,1.46462291,1.66594855,1.6107376,1.49152434,1.44565232,1.73312543,2.81809269,2.93487361,3.13444738,2.91714945,2.81052682,3.15436145,3.17559089,3.0276819
2.82867738,2.91716085,2.77769824,2.79881081,1.52832771,1.478601,1.54260998,1.72816075,1.56289847,1.5115145,1.55895513,1.65020192,3.202262,3.12987522,3.13639595,2.84366445,2.91618439,3.02481847,2.73841079,2.94464859
2.94985415,2.84798925,2.9812005,2.77229738,1.54849991,1.6798032,1.56887858,1.48794943,1.56492307,1.69118947,1.55411669,1.47324718,3.07524426,3.10371593,2.79731379,2.93084234,3.11793352,3.04538772,2.87369536,2.90392762
2.87698226,2.86228649,3.03111429,2.88334321,1.47200671,1.53167596,1.52520368,1.75155668,1.60614365,1.4480976,1.62817195,1.59918649,2.9673771,2.93307725,3.07927742,2.75988742,2.8601316,3.14330394,2.97248542,3.08914076
2.94294562,2.90837594,2.78397418,2.80444899,1.58371844,1.49113609,1.53469225,1.66664087,1.58581863,1.48358733,1.51665952,1.6907942,3.07508895,2.81570221,2.89066389,2.91908889,3.02744964,3.04948571,2.94861928,3.15968554
2.78314888,2.90950342,2.89499402,2.84900375,1.60959739,1.41057658,1.56811169,1.69721538,1.54433393,1.46522481,1.50686022,1.77381835,2.84665532,2.90516477,3.14444696,3.0785983,2.77687332,2.93000895,3.19111866,3.00801792
2.83479599,2.97014175,2.89165219,2.85096082,1.53456712,1.54342247,1.44147507,1.76395325,1.67463466,1.4264635,1.59818621,1.57877072,3.19948924,2.95660154,3.15516923,2.7882556,2.82375225,3.1357578,2.7597726,3.02534696
2.90538805,2.80271486,2.96347862,2.84722133,1.6049218,1.67900952,1.53662563,1.46239969,1.55068326,1.71052,1.52998659,1.48597498,3.08935911,2.84011363,2.93551751,3.08325814,3.04722552,2.9494313,2.81289155,3.09737321
2.92072475,2.95994246,2.80415287,2.78199314,1.61389528,1.57156978,1.47197687,1.61921897,1.58701067,1.61258504,1.52378794,1.55577343,3.09641788,3.17016679,3.21329658,2.79767252,2.87825199,3.17157993,2.75180641,2.80032653
2.84634089,2.89010434,2.82032507,2.85530389,1.54693844,1.72108586,1.52088386,1.49281158,1.56685868,1.68123681,1.56030514,1.47235738,3.24251891,3.06774075,2.84455931,3.13355341,3.12519598,2.86696672,2.75109631,2.86160066
2.992636,2.9297511,2.76074163,3.02045611,1.49230559,1.63807967,1.52402158,1.62657453,1.55991319,1.47786856,1.66480703,1.58686072,2.86995292,2.72582864,3.04411769,3.06257904,2.96829627,2.98141451,3.06803316,3.09656554
2.79897239,2.81060625,2.81371885,2.75387235,1.59579837,1.44022962,1.55786723,1.68937104,1.53551919,1.53055301,1.47546095,1.74270911,2.985782,3.17819143,2.97618046,2.7719089,3.00680828,3.22182747,3.01782651,2.84006166
2.58340836,2.81906219,2.92616866,2.93358674,1.52415368,1.51673152,1.54812234,1.68764345,1.56266885,1.5099359,1.55897493,1.63874217,3.19945318,2.87091496,2.76057379,3.12922685,3.22602927,2.82013487,2.90251295,3.10808422
2.79044794,2.87278254,2.92859854,2.87654233,1.49653159,1.54141838,1.58828979,1.65731217,1.53658862,1.53390425,1.59743263,1.61357042,2.85544657,2.90326199,2.78201235,3.13333362,3.17090828,2.8248557,3.13560874,3.06293279
2.69845098,2.9005211,2.96016475,2.79058702,1.55179986,1.6536932,1.45290316,1.62789067,1.68119861,1.55656928,1.5204953,1.53236875,3.18250571,2.88178796,2.82521985,3.13575423,3.05684518,2.87522473,2.92637931,3.06062071
2.78789355,2.76595749,2.88330657,2.77798863,1.61764506,1.61551856,1.45847214,1.59264494,1.66209644,1.60312449,1.44484537,1.57307225,2.81041481,3.04739964,2.82893972,3.17701511,3.09332683,2.80841348,3.22919208,2.99066361
2.86301584,2.94490286,2.86576898,2.91914433,1.57523641,1.62856952,1.598606,1.47941761,1.58082803,1.6929209,1.48833139,1.5160159,3.24097166,2.92147141,3.01064822,2.79987972,2.91069658,3.05191588,2.77466254,3.11365105
2.66063594,2.86553994,2.88944667,2.7771065,1.56280227,1.50939479,1.54795142,1.66683448,1.56559831,1.52852545,1.50657773,1.69056914,2.97011654,2.80545453,2.84146038,2.89314803,3.03821062,3.14719256,3.19176817,3.12900036
2.7086609,2.64872738,2.85428322,2.9259556,1.59793037,1.64313882,1.5529272,1.48164686,1.56457201,1.69850556,1.45463476,1.5605321,2.88344875,3.06058636,2.93477106,2.82857899,3.03815405,3.09427302,3.16384925,3.05342251
2.80526212,2.88818916,2.88456444,2.9372231,1.51712873,1.70720364,1.50219367,1.55409864,1.60625877,1.59929091,1.60513855,1.47254831,3.15781586,3.09248632,3.10100807,3.06308611,2.84468882,2.93568706,2.84933383,2.80603751
2.76810811,2.74894059,2.91374381,2.93912026,1.58394436,1.41158867,1.70688423,1.57437421,1.37236069,1.5799601,1.56259507,1.74611537,3.11204306,2.94656736,3.02333732,2.87812429,3.02003344,3.14777289,2.80582526,2.99213855
2.72121409,2.59841881,3.05110452,2.97231735,1.60254187,1.57518669,1.47314223,1.59408456,1.58726598,1.60072617,1.49877263,1.56773917,3.08143358,2.82821389,3.05743511,2.91751878,2.99521115,3.09727662,2.82061585,3.22012604
2.65350474,2.754458,2.95016598,2.81845621,1.4429475,1.61877943,1.61603174,1.60237414,1.44343279,1.57671732,1.65956673,1.59695105,2.89216073,2.82959369,3.08058342,2.90162236,2.88939735,3.22891996,3.16542523,3.04698655
2.67650213,2.72233316,2.88512568,2.9215692,1.5819633,1.6147029,1.55152847,1.52327564,1.52299407,1.70599834,1.52202446,1.5161715,2.82141503,3.00162811,3.21646886,2.83607962,2.91207084,3.1117311,3.07684166,3.04172252
2.614568,2.83293444,2.94257382,2.92340746,1.53890782,1.52698458,1.58231978,1.6302664,1.50917276,1.56590255,1.56246748,1.6363546,3.09173571,2.89052372,3.03702277,3.12030152,2.9465623,2.85893056,2.98225064,3.05484556
2.70604089,2.70938818,2.79310302,3.11573088,1.57085122,1.73237491,1.49108395,1.46761014,1.61663633,1.65774003,1.51143153,1.49663324,3.04814893,2.85222921,3.02964648,3.07547613,2.9886556,2.91353056,2.98713877,3.11674289
2.67810419,2.9203622,2.96481118,2.99012286,1.65355528,1.5616655,1.51293682,1.54325719,1.58406703,1.62872891,1.47753918,1.58914998,3.03820134,3.00456616,2.82843261,3.05479401,3.17426903,2.91843608,2.96134303,2.8943522
2.67146011,2.77655192,2.75796288,2.99653921,1.5800021,1.60198392,1.4428553,1.65368918,1.64954822,1.54829811,1.49800301,1.57903538,2.77594353,3.20667167,2.98975985,2.88258591,3.11885103,3.03019583,3.20987358,2.81565857
2.85573221,2.5919137,2.82530737,2.7232775,1.55165807,1.53880393,1.69379671,1.5006139,1.37396032,1.72203324,1.53038172,1.646231,2.96071301,3.01837745,2.96117167,3.12420009,3.0883903,2.91169817,2.9473924,3.13043111
2.83516285,2.87492998,3.03668001,2.84205187,1.50721295,1.55081914,1.67001761,1.55532888,1.44082996,1.61832366,1.61348709,1.60690844,3.20136058,2.91180145,3.01591087,3.16790193,2.90955626,2.82743974,2.76905251,3.03058396
2.77485086,2.68406628,3.00475761,2.85914511,1.49670436,1.69589339,1.6287271,1.45706535,1.56403511,1.7198904,1.5019204,1.48364913,3.24909689,2.99803046,2.86020631,2.79892213,2.96092753,3.09119454,2.86462352,3.15029994
2.73149706,2.73079125,2.79174577,2.96951181,1.61101395,1.55087125,1.46741942,1.65404264,1.57114798,1.45575499,1.54892065,1.70038927,3.0681625,2.78222093,2.98069582,3.18919472,3.0712602,2.94754577,2.92303049,3.04460043
2.78143843,2.63858303,2.72293301,2.9165642,1.58194233,1.62442365,1.62336762,1.44542932,1.50313173,1.71789692,1.46532939,1.61158068,2.81340852,3.18416324,2.90807144,2.81900394,3.12465552,3.09129862,3.20657794,2.95989265
2.7027998,2.63769194,2.72460249,2.97942051,1.47228499,1.69118245,1.56752701,1.52780153,1.53904377,1.63353971,1.56626606,1.55329751,2.77967487,2.87371844,3.06400222,2.8438013,2.99097144,3.1084741,3.26400281,3.20852157
2.78482777,2.7900625,2.81773362,2.93791627,1.59038334,1.59930148,1.42934001,1.65975838,1.76657548,1.48525366,1.4328051,1.59654559,3.12034567,3.03144629,2.9381478,2.9698481,2.92038877,2.89381216,3.01377935,3.04941654
2.6411134,2.81896156,2.82472609,2.7071689,1.52950325,1.47927171,1.57599157,1.70075088,1.47086949,1.56715316,1.57630669,1.673238,3.042478,2.91439748,2.92194034,2.99661604,3.16041255,3.07229556,2.95752755,3.05775849
2.87337879,2.71720929,3.02645913,3.0297535,1.56363998,1.44388208,1.62095419,1.64549696,1.5479429,1.54547081,1.49792148,1.68149528,3.02533126,3.11237723,2.96980791,3.07369963,2.95594575,2.7402417,2.93174057,3.03838228
2.61220679,2.6783573,2.94154014,3.04557357,1.44672108,1.49216435,1.65363785,1.6558264,1.53770454,1.49972079,1.5464908,1.67540487,3.24248819,2.95416641,2.69419549,2.84393295,3.17078595,3.00732256,2.95670966,3.18484041
3.00667345,2.77960229,2.88092083,2.88105607,1.55759754,1.51031428,1.58305846,1.63494977,1.55144461,1.50699165,1.54495334,1.68134358,2.99606765,3.07508089,3.01420266,3.02189993,2.90439763,2.93312094,2.96681129,2.93649755
2.7309368,2.69925361,2.94099347,2.89213451,1.49529108,1.70232028,1.57629948,1.48970465,1.51775498,1.66630481,1.60181535,1.48784099,2.85231466,3.04541526,3.12291753,2.97100261,2.84470205,3.07527514,3.15569223,2.91906441
2.79521017,2.75931492,3.0399411,2.82342232,1.45541135,1.64203239,1.73386547,1.45161715,1.4694327,1.69979336,1.56515966,1.53999118,2.9285112,2.89118489,2.90669699,2.8323991,2.88575714,3.09530021,3.19649582,3.1868296
2.83969479,2.74107719,2.97235774,3.00494325,1.58345554,1.50118082,1.56225837,1.62595562,1.57788281,1.53468273,1.49456847,1.66240916,3.10336887,3.05384087,2.79540536,2.84215974,3.13171716,3.07296076,2.87624645,2.98314398
2.90633191,2.65668049,3.06196217,2.96912334,1.61484201,1.53493239,1.48842297,1.62929789,1.5997781,1.60181942,1.50970824,1.56272297,2.91248787,3.17499592,2.9472816,2.77387419,3.12685239,3.12063409,2.87636346,2.95360771
2.61801365,2.8218229,2.8403444,2.93535965,1.49563525,1.4864032,1.60022766,1.69310215,1.61112536,1.51509727,1.47929776,1.67481065,3.03469143,3.01671298,2.91333612,2.84735325,2.95114233,2.92283096,3.20219007,3.14214204
2.58356317,2.76886305,2.83834822,2.95238684,1.44663064,1.59870723,1.59051931,1.62855048,1.47820319,1.5816559,1.64178817,1.57563773,2.92287768,3.15235708,3.25309244,3.08075615,2.80796722,2.88772366,3.13937879,2.83009705
2.84781469,2.68697064,2.76193675,2.85996231,1.61108382,1.64987099,1.4539083,1.56517664,1.59802383,1.61417004,1.50673391,1.56894679,3.06799262,3.02395988,3.16288787,2.93223583,2.9161833,3.11035648,2.84627681,2.96775643
2.78978689,2.80014348,2.87727579,2.88338761,1.59473444,1.62257791,1.60133829,1.46147709,1.45769022,1.72304901,1.55025286,1.55061576,2.79866691,3.12921966,3.06303906,3.13430688,2.98692058,2.88763934,3.11345169,2.80387208
2.736841,2.85478618,2.92286744,2.99398487,1.56340934,1.5391034,1.48829753,1.67966486,1.62749905,1.50291339,1.54244723,1.60671296,3.20522606,2.9808829,3.21480806,2.80570279,2.77849023,3.10540545,2.7770606,3.0043712
2.89773082,2.6908172,2.86613149,2.81697603,1.42568729,1.55938969,1.57497551,1.72586861,1.60150715,1.50183302,1.59736018,1.58319035,2.98414029,3.0230128,2.92139028,2.94312963,3.02985831,2.8590411,2.98893979,3.22698707
2.93031245,2.75501283,2.83384124,2.98034522,1.57953135,1.61693288,1.51315043,1.57973332,1.66359237,1.53998378,1.4645325,1.6175399,3.15335856,3.23445958,2.96021719,3.04120541,2.88899048,2.86168308,2.92029543,2.81662827
2.71368344,2.68984729,2.81086653,2.69450284,1.53631234,1.69451407,1.41153209,1.6388782,1.67995168,1.60415596,1.50385733,1.49521277,2.96193542,3.21905334,3.00084041,2.94769338,2.98820581,3.06574216,3.08715393,2.89002661
2.54773049,2.60291115,2.86363043,2.74665795,1.60949301,1.44748357,1.54815633,1.65513362,1.53049997,1.62220523,1.39326708,1.73569572,3.13702847,3.02176339,3.00345149,2.82393188,3.00668813,3.18616273,2.99877824,3.12597641
2.56805608,2.62567597,2.78005757,2.8835253,1.5469624,1.55223972,1.47890065,1.69061608,1.62858541,1.50371496,1.46250752,1.66899616,3.28074721,3.03274933,2.81203861,3.00221139,3.22094762,2.96138641,2.85095475,3.07305289
2.78942943,2.66723458,2.76051531,2.95040246,1.47500641,1.6911615,1.61867443,1.49977994,1.53522238,1.61923707,1.53861058,1.59260812,2.86402167,2.81062582,2.99808524,3.00213453,2.87655742,2.94668025,3.28028998,3.25812329
2.84709065,2.78580124,2.68334604,2.70251928,1.59964064,1.45966273,1.56844295,1.65472361,1.48087354,1.54945041,1.50152222,1.74609876,3.08982287,3.05670603,3.01528495,3.2734546,3.07486843,2.78009177,2.86132984,2.94671389
2.63045128,2.66872035,2.66882819,2.67323635,1.37255544,1.62197867,1.61290422,1.67531758,1.45513718,1.57070946,1.63005285,1.62555747,2.94990045,3.22125576,3.0630369,3.05989461,2.93861022,2.98707669,3.23402211,2.8852919
2.83318456,2.80270301,2.74399105,2.75302232,1.58017957,1.6313207,1.61345208,1.45737303,1.44196472,1.73216594,1.5198999,1.58906573,3.05471149,2.84405236,3.28189335,3.10526387,2.74759502,2.94707071,2.92239163,3.12037897
2.68598677,2.75568493,2.79725924,2.82343436,1.54840176,1.51778876,1.49581566,1.72117111,1.605692,1.48645845,1.50818291,1.67699406,3.11218091,3.08575247,2.9232081,3.02986114,3.08600267,2.93731551,2.94294759,2.95364075
2.75460451,2.67805235,2.92567053,2.85007653,1.61488284,1.60002705,1.48022242,1.58021681,1.64838962,1.57498123,1.45468061,1.59818805,2.9031335,3.16318029,2.82757074,3.1060798,3.09722303,2.87715013,3.13689032,2.89653891
2.60702262,2.76925121,2.82321664,2.89430001,1.39952182,1.60496519,1.58922828,1.68078664,1.52878171,1.51232453,1.64630219,1.59230169,3.25212051,2.92321428,3.04767367,3.07894672,2.92300636,2.86255954,2.88836133,3.10306666
2.69078462,2.6875182,2.75949709,2.9383693,1.61051663,1.59038098,1.50567771,1.57207221,1.59042974,1.59603136,1.44733136,1.64692649,3.10299224,3.22087221,3.07653493,3.05232784,2.95350889,2.92609965,2.94752983,2.80307503
2.72632769,2.69953934,2.77886282,2.82569685,1.64230571,1.69123348,1.51710748,1.4300739,1.56402424,1.69021065,1.432773,1.59257387,3.18655639,2.97935273,3.10905349,3.00374844,2.81642991,3.14479607,2.93882054,2.9111399
2.80374567,2.6871374,2.94942185,2.70058487,1.507509,1.74710532,1.56749106,1.4636912,1.53419931,1.69953872,1.55797354,1.48850582,3.00466048,2.88551835,2.79475704,3.12654501,3.06477075,2.99841794,3.06914214,3.11187647
2.75062861,2.60975382,2.74746117,2.80880561,1.66924517,1.60278686,1.36294897,1.64692067,1.70326726,1.54966478,1.40618679,1.62711557,2.83445384,3.21289838,3.22188778,2.89446021,2.86016543,3.12687235,3.13316735,2.88176971
2.66920476,2.67102572,2.81949483,2.74556707,1.44925066,1.7342661,1.58659428,1.5122936,1.46960053,1.63954287,1.62074194,1.54997076,3.05141534,3.07840474,2.89887255,3.06614439,3.00950812,3.12208756,3.11010397,2.83622733
2.53963553,2.64369831,2.87804655,2.81407796,1.64716326,1.54814013,1.40551157,1.66283967,1.68090767,1.56820322,1.38913014,1.62986698,3.00019113,2.93888812,3.12082548,3.00621182,2.89735482,3.00258842,3.12821149,3.13946767
2.58419679,2.56688139,2.83152647,2.64073335,1.42938449,1.53465004,1.64094559,1.67622379,1.47883372,1.5971439,1.51499598,1.68566143,3.1677019,3.25194163,2.99092795,2.94575755,2.91823468,3.0768236,3.05265448,2.98725298
2.716473,2.58368838,2.78318453,3.01745846,1.44752741,1.53095758,1.67868262,1.61662958,1.50684685,1.57955987,1.51728902,1.67611247,2.78980026,3.04343716,2.98627648,2.77036797,2.97046061,3.01912553,3.30582653,3.23910347
2.74240495,2.57252697,2.7517542,2.8463686,1.58381147,1.62184929,1.572215,1.50441551,1.56920183,1.7298577,1.40030573,1.58580041,3.13891196,3.24179837,3.06833506,2.91317295,2.94349617,2.9314227,2.90341044,3.04764286
2.76820541,2.51159556,2.78263986,2.97736807,1.55840567,1.542321,1.5412838,1.64389604,1.57530229,1.47559017,1.48351095,1.74027792,3.18535846,3.09332394,2.90434719,3.09931738,3.06078626,2.90190194,2.86874638,3.04566364
2.68623851,2.78148454,2.6911062,2.7362515,1.58335448,1.4987554,1.55239537,1.64835506,1.46634339,1.58430456,1.52955453,1.70237107,3.25488693,2.9735842,3.00817445,3.14678973,3.12325651,2.92638571,2.74305688,2.99526429
2.68394185,2.64987864,2.99053893,2.98020612,1.69328245,1.56780228,1.50743611,1.49700871,1.60055122,1.63940565,1.36767536,1.64114286,3.25424475,2.94978857,2.97673292,3.27752867,2.911638,2.76301285,2.85482637,3.02923352
2.61131019,2.79143859,2.85540956,2.77384945,1.62578083,1.60480592,1.4877993,1.55872112,1.62066874,1.65538227,1.41937359,1.59021168,3.00648714,2.90835495,3.00251047,3.01873677,2.93273413,2.97787381,3.15266375,3.10677656
2.63237787,2.5217092,2.86673845,2.90237789,1.44237082,1.51560746,1.56745851,1.73847337,1.54440972,1.47289161,1.53759635,1.69443202,2.84015033,3.16426249,3.21164219,2.98608645,2.76613869,2.94121956,3.25223163,3.0661225
2.75920084,2.56922652,2.91008352,2.85846658,1.42458914,1.62616587,1.61972188,1.6013122,1.48520398,1.56202587,1.62837807,1.59857237,3.02391518,3.13548136,2.91058898,2.87699286,3.01965331,3.14331543,3.01480534,2.97138485
2.63840798,2.7097342,2.68095979,2.77464221,1.50938075,1.60661146,1.64562903,1.52179554,1.44691983,1.74688673,1.5068239,1.58186104,2.88078858,3.19058482,3.16053336,3.03139419,2.92487131,2.85204092,3.20630176,2.98630432
2.63454338,2.85793087,2.96628379,2.87610067,1.61252069,1.57878439,1.44450577,1.64524159,1.68172717,1.59730715,1.45054155,1.5458049,3.04515283,3.15834706,3.13874734,2.73920937,2.83696662,3.15726609,3.01458036,2.87573032
2.68386199,2.84799461,2.88687334,2.93520115,1.63523559,1.60917233,1.46836944,1.56853277,1.66451778,1.61156102,1.41484162,1.58319179,3.16526944,3.12997495,2.83117009,2.78691981,3.07612973,3.1366287,2.95332678,2.86134074
2.67285127,2.50386081,2.8232552,2.85645824,1.6173132,1.61234594,1.47646317,1.55525021,1.67365115,1.60542817,1.34091711,1.66082662,3.25702346,3.12725285,3.14253881,2.99719508,2.7101599,2.97612772,2.95122586,3.09456487
2.67644327,2.57637429,2.84385278,3.04554335,1.5561181,1.53813717,1.5424519,1.63147067,1.61042682,1.57168698,1.43773301,1.64400985,2.99093866,3.10195952,2.86022539,2.99387842,3.13243402,2.82054356,3.065159,3.15645843
2.69237912,2.70621543,2.81024226,2.79097105,1.42729083,1.5999269,1.54126945,1.71221702,1.50449914,1.54757132,1.66136194,1.56826226,2.91280541,3.09120262,3.06948863,3.09189244,3.04665403,2.90230323,3.02188878,2.97001473
2.63885846,2.76633953,2.79348755,2.76398698,1.55836434,1.5773193,1.47500559,1.670841,1.64488735,1.58857411,1.45341368,1.59994437,3.09036028,3.02890166,2.77881328,2.85112863,3.18578452,3.0512243,3.04804051,3.09955566
2.78048736,2.64588355,2.80979801,2.9360219,1.47962513,1.58240956,1.65514538,1.56492627,1.4536493,1.57091288,1.56902748,1.67531251,2.94605737,2.96667176,3.06415908,3.23302492,2.85455896,2.76971654,3.13501479,3.06652712
2.74153538,2.74668031,2.78636866,2.89075929,1.47616656,1.71966905,1.62379792,1.46216807,1.47567425,1.69619353,1.60103612,1.5075212,3.14662285,2.96736702,2.96212196,3.05822739,3.01963189,2.94402538,2.90424423,3.01146603
2.68349245,2.67308688,2.78202838,2.89021781,1.56955696,1.6074633,1.47064872,1.63000196,1.68103129,1.5493244,1.43920911,1.60835705,2.91676322,3.32928223,3.21436201,3.12727907,2.75570798,2.77077079,3.18726459,2.80428726
2.66711223,2.81415011,3.01814702,2.7846483,1.60201879,1.63831695,1.4768613,1.5755804,1.55928064,1.62827923,1.55877469,1.53074196,2.85042356,2.95461029,3.21653228,2.98426678,2.81577733,3.17493345,3.1189825,2.88358356
2.68352326,2.75343744,2.84583969,2.88703201,1.6779552,1.55077601,1.52049952,1.531365,1.55159328,1.60407078,1.41594636,1.70374722,3.08190157,2.86946446,2.87795231,2.95422253,3.0516878,3.14822893,3.03526942,3.0069567
2.71159017,2.65610303,3.05402384,2.94839557,1.48119746,1.6708597,1.55364038,1.54715599,1.49122809,1.58332271,1.64132188,1.54527931,3.0571104,2.81565002,3.03613801,3.20396021,2.93453688,2.94027876,2.94120037,3.0591078
2.60390858,2.67619163,2.80709053,2.95617999,1.57457479,1.52349577,1.56730498,1.5971896,1.56517323,1.61372539,1.43344482,1.66555818,3.13017153,2.99662642,2.8120367,2.94383745,3.17858009,2.92471385,3.00287482,3.14488995
2.74143556,2.75068093,2.77155148,2.6719382,1.50898901,1.51051963,1.5940396,1.66733501,1.45014239,1.56286826,1.56864866,1.70178878,2.86615917,3.10274829,3.21494945,3.02400921,2.81992163,3.06574176,3.13924102,2.90716448
2.75317521,2.63930329,2.74169808,2.79046502,1.50343719,1.48791685,1.65233981,1.63768621,1.4737244,1.56970988,1.48994785,1.75031116,2.91185761,2.97274232,3.17248991,2.94134107,2.76184061,2.97481997,3.20587475,3.21579229
2.82244003,2.94309057,2.81994379,2.95746171,1.69021124,1.61588486,1.44266076,1.53473355,1.64303548,1.57215829,1.47095354,1.59773191,2.8617884,2.78012559,3.20696789,2.93376264,2.76162331,3.1281722,3.14421826,3.03134769
2.97354368,2.89438407,2.86728973,2.7888636,1.39971967,1.57746763,1.52907833,1.7775079,1.62683854,1.38965906,1.66644083,1.59548835,2.84678381,2.96905621,3.06294272,2.87921112,2.8194021,3.03829613,3.16727997,3.07130084
2.95007671,3.02782207,2.8325175,2.94647621,1.47258211,1.56316047,1.65594043,1.58825976,1.49370371,1.54500703,1.63068631,1.6111548,3.05761267,2.79759084,2.97500204,2.7065864,2.93862526,3.20796332,2.9445763,3.14386119
2.88480439,2.86462347,3.02562256,2.81699179,1.68891914,1.56269707,1.50909025,1.52382711,1.55186566,1.62530062,1.4838143,1.62377787,3.10500849,2.77520602,3.22519733,2.96291148,2.73756914,3.1731269,2.81210351,3.04288955
2.91615686,3.00375021,2.75574918,2.74071473,1.60428891,1.57978219,1.6350583,1.45230652,1.457155,1.76059448,1.50246074,1.5528761,2.99129554,3.22597326,2.77346136,3.01280664,3.26564177,2.93058232,2.93752646,2.78165802
3.01852527,2.98194285,2.82891934,2.89582405,1.59732985,1.39890876,1.56112498,1.72237933,1.58974435,1.46487527,1.49797574,1.72622797,2.70127738,2.9528141,3.16905091,2.86431361,2.79327718,2.9824733,3.23969081,3.08155547
2.78156908,2.94811548,2.95370771,2.95004889,1.52586199,1.56449156,1.45196925,1.74002135,1.65123672,1.49173642,1.60130556,1.53415819,3.00815202,3.0886578,2.9250192,2.81852219,3.13213632,3.05010796,2.87541893,2.91833642
2.89753577,2.98965769,2.76825161,2.85432503,1.66214591,1.50011967,1.52079467,1.59248338,1.54904536,1.57489165,1.48181443,1.67594776,2.95063483,3.19232481,3.0516499,2.94356914,2.99027966,3.06761322,2.97562806,2.6942544
3.05174917,2.98653737,2.79702152,2.73958515,1.53559206,1.69430875,1.55505174,1.46768039,1.50927878,1.62966872,1.60782914,1.53249507,3.16629834,2.68416503,2.9605625,3.01884123,2.97720277,3.12651156,2.81371744,3.13399502
3.01620427,2.89208731,2.9394313,2.83582442,1.71841088,1.50496061,1.41479085,1.64504657,1.7055496,1.52547846,1.43687619,1.60669407,2.68153851,2.84509646,2.92954857,3.06156584,3.06880527,2.87178907,3.18218001,3.15744934
2.83035097,2.9474635,3.00493999,2.7651281,1.61871754,1.60324873,1.51078425,1.56115072,1.64924219,1.62501996,1.4668833,1.54861029,2.79858871,3.09082794,2.92367343,3.00021775,2.94608134,2.96317669,3.23645406,2.89785997
2.85359582,2.88786445,2.88534568,2.75047565,1.59883367,1.60809578,1.42987524,1.64679584,1.66692272,1.58227436,1.50828148,1.52345187,2.94530767,3.17328495,2.83090526,3.08797138,3.19930729,2.86726588,2.95466349,2.8530719
2.92473768,3.0724558,2.88367329,2.98137839,1.58667771,1.70338992,1.47046143,1.52328413,1.682595,1.58650448,1.53470194,1.47671554,2.85040075,2.89640969,2.94516891,3.16413346,2.9256482,2.78263275,3.18077705,2.99849249
2.95775457,3.00494484,2.89089784,2.9792986,1.56600921,1.57388973,1.45722484,1.68611998,1.65701959,1.51177008,1.58734547,1.52418168,3.15233628,2.95872044,3.0001183,2.89010573,3.04937071,2.97298805,2.68946074,3.03147139
3.03320087,2.84852652,2.90659537,2.86198178,1.58063618,1.49485817,1.64356025,1.56188484,1.48289497,1.56320178,1.55453948,1.68335385,2.98126513,2.73459903,2.78121165,2.92320511,3.12519007,3.06305828,2.98058617,3.22008027
3.09916518,2.92045309,2.79175597,2.94818885,1.50358862,1.75227645,1.50241474,1.52638713,1.62553776,1.55842614,1.62995305,1.4684997,3.0917273,2.84859245,3.02773542,2.88652516,2.88343914,3.11489072,2.90721388,3.03312295
2.91597255,3.00411844,3.02306509,2.87843752,1.66674223,1.5757723,1.55632925,1.49064668,1.59306562,1.64318269,1.45366692,1.59587522,2.8644503,3.05289257,3.02709342,2.74416942,2.83488533,3.23263886,3.13968998,2.853811
3.01790336,2.93659379,2.88324334,2.74526052,1.52501827,1.759263,1.53005884,1.46413185,1.55942486,1.63451955,1.60941459,1.47601131,3.12639543,2.94408276,2.72392685,3.02069387,3.14159972,3.11308862,2.88771366,2.89193652
2.88769937,3.0878911,2.90028293,3.00168248,1.58187689,1.63593022,1.50146946,1.56373932,1.68817673,1.55687774,1.49437454,1.5429524,3.12258296,2.98705503,2.91762615,2.85855237,2.89848163,3.0296495,2.97103143,2.96258467
2.8867551,2.82739804,2.90260042,2.75116615,1.53340429,1.59421448,1.65268759,1.5023136,1.42862216,1.69001826,1.58742446,1.57557861,2.98345325,2.86286918,3.21800157,2.94482705,2.78426691,3.09506157,2.92480145,3.10569843
2.99711676,2.95854299,2.70819383,2.98050945,1.61480051,1.64108138,1.53384294,1.48069792,1.53573792,1.66136049,1.55757727,1.53767294,2.89397408,3.17005125,2.95689101,3.20317643,3.13626545,2.78847635,2.99445914,2.70555657
3.03417888,2.88933511,2.75207036,2.84392301,1.5648209,1.51973311,1.50610775,1.68615503,1.62930537,1.4422625,1.52756577,1.68180428,3.15151754,3.06641724,2.76659126,2.8746347,3.15809854,3.05964317,2.86230273,2.93208752
2.86585965,2.99125652,2.86673318,2.93364,1.59903992,1.57530234,1.57392555,1.53361619,1.6057468,1.67688689,1.45934969,1.54017121,3.08651788,3.24565189,2.78920613,2.83260951,3.14223612,2.94547326,2.9168404,2.842499
2.89116846,2.96638467,2.81382692,2.75847313,1.60093959,1.45741184,1.52563912,1.68543074,1.53006372,1.49960805,1.5442235,1.70521975,2.92835371,3.10761785,3.15204605,2.78239722,2.85758464,3.26852003,3.00738319,2.79246195
3.03656164,3.0355836,3.02404928,2.7120698,1.58823673,1.54289783,1.52274955,1.62112677,1.62313503,1.47403835,1.53040047,1.65924813,3.21429158,2.89018056,2.82123206,3.14952439,2.96860164,2.95296908,2.83295442,2.97677825
2.98149229,2.96363122,2.80626174,2.85888294,1.55419928,1.73033538,1.43833355,1.54586744,1.61388459,1.6027062,1.60974992,1.45549081,3.0559593,2.76280981,2.91721188,2.78769093,3.11500058,3.26712285,2.83601345,3.08531439
3.06077181,3.08849299,2.74893269,2.85611198,1.55434743,1.42857014,1.66424303,1.60814239,1.44631048,1.58534193,1.5801399,1.64888101,2.92039199,3.00369446,2.8748233,2.7539303,3.22833887,3.11920403,2.91734014,3.00350912
2.95541419,2.94879163,3.07089466,2.89675024,1.51131815,1.55072883,1.52805794,1.6931801,1.58321188,1.47387249,1.65140513,1.5761675,3.05296873,2.75306059,3.09690614,3.19508924,2.8920186,2.76834839,2.80490841,3.17400081
2.86922365,2.98609148,3.02100999,2.91899215,1.66949377,1.4866527,1.49335194,1.63551728,1.61130022,1.4865909,1.50383961,1.68791442,3.11090249,2.8488625,3.02279876,3.12062798,2.89649336,2.92575993,2.85581253,2.97814628
3.10920218,2.90236601,2.78498352,2.76863093,1.54832627,1.63060798,1.40432128,1.68439587,1.71426634,1.49273052,1.54933619,1.52563061,2.98118131,3.14987398,2.8949008,2.89758897,3.0950007,3.01190808,2.94596104,2.90590712
2.89618165,2.80220515,2.78279595,2.81954452,1.55136164,1.57780977,1.65836689,1.4972741,1.3824521,1.70189295,1.60085079,1.59940584,2.91698088,2.79221083,2.95857683,3.08942458,3.16323052,2.94877371,2.92138173,3.15266546
3.1188242,2.89494999,2.94391385,2.81875771,1.57027208,1.60528655,1.5305061,1.57140042,1.6372519,1.60733113,1.52472916,1.51381747,2.8323216,3.23050486,3.09954051,2.80449186,2.83335997,3.06779086,3.08474323,2.83781128
2.87648013,2.81773141,2.83155186,2.84514875,1.45657912,1.60188433,1.60505783,1.61861403,1.52170877,1.52897704,1.61662666,1.61384729,3.24774289,2.92510019,3.04636128,3.14715711,2.85343715,2.82397298,2.79675037,3.06942822
3.07256227,2.97899903,2.70551749,2.88840395,1.55741613,1.46451238,1.60741016,1.64910666,1.51687031,1.5103679,1.56151587,1.68506815,3.04619254,2.80999031,2.98083697,3.07636547,3.06282842,2.81774167,2.87507113,3.18039405
3.08657514,2.89688134,3.04255201,2.93831636,1.68320462,1.50149683,1.50933363,1.58697608,1.60763137,1.49655536,1.47329563,1.70544216,3.0911011,2.84305643,3.08158148,3.07548957,2.76831549,2.98107198,2.89038571,2.99577327
2.78498336,2.86353666,2.95954035,2.84712126,1.71094095,1.44230422,1.54448578,1.5865794,1.55816696,1.63215321,1.40408013,1.69057372,2.98335475,2.8953247,3.16632242,2.80075469,2.8164916,3.14072315,2.97086611,3.10327056
2.91725477,2.99355668,2.81479073,2.86998484,1.5403029,1.63672578,1.59293584,1.51278158,1.55409317,1.65441635,1.53813568,1.53260126,2.7962062,3.16449926,3.07501703,3.17525598,2.82765838,2.73337831,3.23573447,2.81641927
3.13507985,2.91750816,2.75562544,2.92730741,1.50115315,1.73446599,1.48384411,1.56175637,1.60322388,1.60695973,1.66619894,1.40082199,3.10025786,3.07373061,3.13127055,3.2119092,2.9554253,2.72567078,2.7438777,2.87839983
2.92697101,2.96389554,2.97357598,2.84559717,1.52601576,1.46016156,1.61347949,1.68175254,1.57534513,1.45355383,1.56090206,1.6952423,3.17106497,2.90749564,2.90842367,3.20109995,2.91479116,2.69966228,2.87960411,3.09909094
3.03550116,2.9401276,2.91937954,2.96479581,1.5298051,1.66730161,1.59958532,1.48464826,1.51506218,1.65814111,1.62459872,1.48027496,2.82280155,3.00733455,3.08910155,3.0269594,2.86847485,2.91749932,3.08271632,2.91956621
2.83502186,2.75821121,2.96124556,2.81600777,1.47767011,1.65761516,1.5953467,1.55352004,1.50671997,1.64796746,1.62453941,1.49705148,2.76701677,2.98866631,3.0067408,2.84519148,2.98312449,3.14169454,3.15579098,3.03342572
2.85944058,2.92239982,2.86662933,2.87554624,1.4764655,1.56483779,1.58804332,1.65401571,1.51432162,1.46825967,1.64076812,1.66046908,2.83153364,2.9307927,2.95818509,3.15255487,2.93748465,2.912547,3.2076761,2.91118942
2.91613779,2.84505344,2.65110033,2.90074329,1.64784591,1.66635841,1.47900618,1.49562473,1.56365512,1.66426415,1.50954944,1.54704354,3.04464798,3.01417136,3.1097308,2.85866088,3.04464272,3.16846406,2.84295362,2.88716915
2.9611682,2.74479008,2.71182203,2.88803648,1.48031517,1.71119141,1.57484284,1.52385672,1.48315595,1.61127813,1.67192246,1.52456133,3.09079562,3.08171939,2.90350325,2.97023202,3.16501388,3.07801341,2.82577843,2.85533105
2.76928337,2.74577572,2.81298571,2.77498177,1.50635902,1.50845799,1.54601059,1.72232746,1.53473594,1.46613022,1.56038965,1.72182539,2.82121533,3.03388873,3.09728849,2.90626283,2.84989082,3.13974697,3.23374474,2.9562933
2.91175592,2.86948674,2.79126544,2.67856524,1.54631502,1.50006935,1.54703166,1.68983641,1.51080773,1.50764586,1.56519401,1.6785534,2.73389874,2.82888609,3.12838867,3.03949972,2.88719081,3.03342888,3.2053451,3.13922933
2.754262,3.00792558,2.85582369,2.96068656,1.58326043,1.62147234,1.50079325,1.57966655,1.64629569,1.55781821,1.51251877,1.56986716,3.21194993,2.98202218,3.03337274,2.98254106,2.84032375,2.97335686,2.90603222,2.91884871
2.75452883,2.88456261,2.7128193,2.6434964,1.65207614,1.52625486,1.47567074,1.62557532,1.55004422,1.66256797,1.46004676,1.60780399,2.85303314,2.96206282,2.94111555,2.88660339,3.20401602,3.13861977,3.0713814,3.06736965
2.72279123,2.66298329,2.83516205,2.97562256,1.5240328,1.69118431,1.50721659,1.54815216,1.59787399,1.68610888,1.53575696,1.45881485,2.96375953,3.21230867,2.8461103,2.74205849,3.23707827,3.10573134,2.97310909,2.95543838
2.97943394,2.91071225,2.75666507,2.75776175,1.53707023,1.62113816,1.63406663,1.48671579,1.50605205,1.67287005,1.52132251,1.57095,2.8422154,3.15695141,2.94986942,3.02610013,2.95282891,2.90361381,3.20396337,2.88330254
2.79066522,2.84004589,2.69276865,2.64632263,1.50522364,1.48472593,1.7141929,1.57246725,1.40049022,1.61556751,1.51188855,1.75545194,3.11054238,3.15456864,2.95961915,3.11753446,2.92907058,2.9253529,3.06136207,2.87747393
2.79874795,2.67069483,2.88734222,2.87409995,1.50526473,1.53775518,1.56185539,1.66725857,1.5152502,1.52450335,1.59120592,1.64692222,2.77835753,2.90286642,3.06194913,3.03288869,2.96583902,2.97516485,3.14727892,3.12765066
2.90511823,2.81440041,2.78840992,2.91073615,1.60913432,1.61669388,1.49205089,1.56642821,1.61257273,1.58901132,1.48425893,1.59853697,3.02718993,3.10638853,2.7978108,2.92222285,3.17346162,3.03198762,2.95365078,2.87679574
2.91371552,2.86184603,2.85143797,2.7046736,1.49739763,1.53893185,1.45916471,1.78757862,1.65627836,1.45036893,1.58626457,1.58569326,3.02170773,3.07018222,2.7881497,2.88872226,3.22242707,3.03154936,2.89075549,3.0290188
2.78481387,2.96913786,2.72398499,2.85843589,1.60574712,1.71731053,1.50431473,1.45482543,1.61601874,1.7255058,1.48754833,1.45408438,2.96761202,2.85327222,3.05737692,3.11147655,2.94260989,2.83381624,3.07834863,3.10281609
2.90313355,2.8340371,2.85781233,2.69787487,1.6101179,1.57216565,1.39266289,1.70552648,1.63705263,1.46356415,1.56208671,1.61951737,2.84609813,2.87811571,3.0128058,2.96531407,3.00706649,3.21306908,3.05666747,2.98215973
2.78380602,2.78811512,2.88538841,2.78850593,1.72163707,1.4830325,1.54885324,1.53010414,1.5269308,1.70129049,1.39418533,1.66039621,2.97629386,2.93633938,2.99488902,2.87847799,3.04663347,3.10551043,2.94536713,3.08658515
2.65992469,2.78881824,2.76058329,2.95090529,1.66497451,1.63339328,1.41871183,1.55997177,1.67944854,1.60069168,1.40549941,1.59393622,3.1678892,3.1385765,2.888994,3.20090925,3.13022142,2.78484681,2.91497531,2.81247249
2.73905968,2.77651509,2.78868422,2.72507297,1.53164159,1.66469382,1.409436,1.67773499,1.71916436,1.60592847,1.48571549,1.47249995,3.19377197,3.16974867,2.953337,2.97891259,3.07447906,2.88472022,2.81590917,3.01414501
2.77433012,2.83181321,2.76116718,2.88142892,1.56925858,1.46278848,1.74198214,1.50904245,1.38811336,1.60955171,1.49932549,1.78537322,2.8741525,3.08473816,2.83651452,2.9888694,3.0689965,3.04433529,3.24781073,2.82336937
2.68370318,2.66887345,2.70211188,2.73133788,1.47878063,1.51774235,1.65221053,1.63505062,1.37704074,1.62536337,1.58494495,1.69296826,2.88937356,3.03185554,3.22699245,3.00050675,2.92419886,3.02417279,3.08092107,3.05891116
2.70046311,2.71198751,2.77634418,2.88675115,1.51691484,1.50183718,1.57751081,1.68786423,1.47817266,1.53278839,1.58811686,1.68038663,2.97668645,3.02742654,2.89995954,2.98950848,3.22376079,2.99077871,2.96280919,2.99913526
2.86706498,2.835357,2.7801296,2.7536092,1.6597302,1.64458292,1.44532905,1.53345166,1.6415278,1.69296342,1.43653884,1.50138195,3.01676179,2.9180996,2.94448506,3.04875093,3.11429409,2.88998501,2.89955608,3.14545003
2.74367828,2.94131448,2.67032619,2.75820088,1.50243886,1.57515915,1.44473181,1.75401061,1.57064541,1.43181125,1.65596145,1.62449093,3.17269026,3.09461591,3.17246189,2.99756881,2.95563192,3.1066749,2.80542603,2.7610066
2.76782989,2.77225988,2.6954215,2.95822917,1.47478544,1.56180268,1.62525392,1.62805568,1.43579158,1.56823472,1.64328386,1.63815371,2.85497317,2.70028465,2.95939372,3.11057818,3.20080554,2.8671158,3.05809592,3.26697825
2.87679012,2.95239272,2.84907684,2.79296532,1.72466892,1.5792336,1.46965535,1.50467981,1.55355522,1.69637489,1.45817828,1.57384291,2.9814583,3.11171436,2.82420896,2.86086673,3.28329119,3.20618642,2.84564993,2.7601255
2.93485112,2.92956065,2.70233889,2.82221004,1.43310434,1.62153127,1.66067935,1.5577217,1.49296216,1.67344234,1.62010597,1.49715488,2.86286489,2.90225037,3.1130334,2.80451174,2.95586066,2.98225755,3.07009085,3.23697223
2.82531777,2.84717733,2.8181448,2.82123506,1.50981438,1.59608205,1.5118881,1.66607461,1.60687158,1.41049237,1.58087767,1.68568139,3.22003955,2.8557844,2.71940788,3.2435736,3.09983441,2.8673362,2.93314322,2.99688388
2.88408378,2.85245491,2.81029544,2.72879438,1.4460186,1.50851091,1.67273852,1.65191286,1.42319671,1.51510726,1.64763934,1.69539558,2.93114462,2.80964724,3.14869026,2.91218675,2.7957115,3.11480757,3.07293941,3.17136762
2.88008541,2.78060921,2.83733253,2.8653959,1.67530562,1.51143539,1.47578926,1.62102247,1.58348187,1.58244776,1.46408866,1.65337658,2.93879426,3.01423429,2.9913908,2.90031825,3.08617355,3.08777046,2.92180547,2.97138202
3.01928692,2.94443337,2.78664379,2.87519936,1.63862511,1.615865,1.44794838,1.57955895,1.61830866,1.61765064,1.52075662,1.51966039,3.03572014,2.90968891,2.96863807,3.05142149,3.14076066,2.89457773,2.7795101,3.04553885
2.84999154,2.76509128,2.70261955,2.78756182,1.47412237,1.68243722,1.61674015,1.50845406,1.45126495,1.69776445,1.60289363,1.5311028,3.24175525,2.85801948,3.01864106,3.12014189,3.04058621,2.86728059,2.72497889,3.17192604
2.80780162,2.70327454,2.98602924,2.84381533,1.47478861,1.57687555,1.61325572,1.61021164,1.46494694,1.62111467,1.64740047,1.54393405,3.04472642,3.15414397,3.22228252,3.02695137,2.84662316,2.92989457,2.80423304,2.92178376
2.76760293,2.85079448,2.90269684,2.69468094,1.64556997,1.63604462,1.53478781,1.47412829,1.53188604,1.72547144,1.47015516,1.55832165,3.11009107,3.14664136,3.00743639,3.06140987,2.95891827,3.0782284,2.88941166,2.74616486
2.90597104,2.73794242,2.66932318,2.88152475,1.61394885,1.43739113,1.58198961,1.66209249,1.5512801,1.54524415,1.45020144,1.74031171,2.96393964,3.01410265,3.06254399,3.08742433,3.02672707,2.74591659,2.97734824,3.14437143
2.98685383,2.92110407,2.7998883,2.90251945,1.53794827,1.46741767,1.71355685,1.56525066,1.46456883,1.56689982,1.5323498,1.71457723,2.95482339,2.81692392,2.81318575,2.71117786,3.06271206,3.19308548,3.09352897,3.17972954
2.84936777,2.7842168,2.86851417,2.85699375,1.53926913,1.53416713,1.49935019,1.70870791,1.58504394,1.51265001,1.57948704,1.60588063,2.7505147,2.76291789,2.89664565,3.13033144,3.17445925,2.81471467,3.11555425,3.26759936
2.97532637,2.93599555,2.7427493,2.72895391,1.68901687,1.57971326,1.51352345,1.48443272,1.50543676,1.66514152,1.49890125,1.60482428,2.75224418,2.85457717,3.02994666,2.9569084,3.05841493,3.17638622,3.1201964,2.99189769
2.85866754,2.72920189,2.80628816,2.86781863,1.57883859,1.57054008,1.46274219,1.67573829,1.56923396,1.44185804,1.57811326,1.69466507,2.8907129,3.00887305,2.7796335,3.24734278,3.23395015,2.90168905,3.06241699,2.84112069
2.87271663,2.90906252,2.81225744,2.6800247,1.52846314,1.54455877,1.68895768,1.51809527,1.38873039,1.69217565,1.57726504,1.62461478,2.92550208,3.19299231,2.92984391,3.24972049,3.04403681,2.80504155,3.05304566,2.76968527
2.72893412,2.95518547,2.75645936,2.67067196,1.58885945,1.58252626,1.66600329,1.44099749,1.42475517,1.77252379,1.46618025,1.62214718,3.24262708,3.06233851,3.18264375,3.15530818,2.73296712,2.89548331,2.90058974,2.90129327
2.72096754,2.8268749,2.69949265,2.64272863,1.47337369,1.64476176,1.65859608,1.5085444,1.41791694,1.68615804,1.57350808,1.60234725,2.90841936,2.96873467,2.89383997,3.11138737,3.03126104,3.00122365,3.26464888,3.00280922
2.80561766,2.79743045,2.61001898,2.68064493,1.51941288,1.63949076,1.63396703,1.46463783,1.40873125,1.75290122,1.58152962,1.54087442,2.89208234,3.12140665,3.02130951,2.92075637,3.11997196,3.10445068,3.08736879,2.92249128
2.71156631,2.65800021,2.84879053,2.86960375,1.40917537,1.67009904,1.61558657,1.57557688,1.48127444,1.54989562,1.63135667,1.61804454,2.95648033,2.7940307,3.09448868,2.96595376,2.78101296,3.12042453,3.19356599,3.16919094
2.78403567,2.92341087,2.69413074,2.80407611,1.52384095,1.68015301,1.52932432,1.55049844,1.56955862,1.66163612,1.55585971,1.49088501,2.77043222,3.02773854,3.05285749,3.02578836,2.98926665,2.90987061,3.25231855,2.97498766
2.85044025,2.62258076,2.69317066,2.62147117,1.53382502,1.70965712,1.52165466,1.51760315,1.48915699,1.68098667,1.55573546,1.55898991,2.82800442,2.96532579,3.18847234,3.26338487,2.8731806,2.91371506,3.14341718,3.08526902
2.82122544,2.59741418,2.60749593,2.65887268,1.57630995,1.50756217,1.46609279,1.74161856,1.52028241,1.52009623,1.51777136,1.72581546,2.78170063,3.03518957,3.12952871,3.00977982,3.12246472,3.06302345,3.08049188,3.11441264
2.80226644,2.69448648,2.74356405,2.69819667,1.59906639,1.63158478,1.51567557,1.53639559,1.54600537,1.70777183,1.45620623,1.57268594,2.91472562,3.22127481,2.85935989,3.08486185,3.20018637,2.91079546,3.04962887,2.90021784
2.72775404,2.61052157,2.84913544,2.76442439,1.51736146,1.53790313,1.48376789,1.74071463,1.60490322,1.54352712,1.52127478,1.61003421,3.06586454,3.00598545,2.90534816,2.81277927,3.16330129,3.08794823,2.8767198,3.2353939
2.8480183,2.77978389,2.71444335,2.76913841,1.58433869,1.71617217,1.44967371,1.53294106,1.60757398,1.67846934,1.51979549,1.47532024,3.15727115,2.97719235,3.06317029,2.78278833,3.03751687,3.23643307,2.76359793,3.02502095
2.60428324,2.71677224,2.59500257,2.67717821,1.58750675,1.45448835,1.48327152,1.75620958,1.5496051,1.54739986,1.44837993,1.73624884,3.03853061,3.07313042,3.01956961,2.99048753,3.20506021,3.00855853,3.00882826,3.05092291
2.68819442,2.73485772,2.8459358,2.6065485,1.46363046,1.67558731,1.52461807,1.6272346,1.51635938,1.66765679,1.62101791,1.48052762,2.85916654,3.09419988,2.99599627,2.95103645,3.0854469,3.16329878,3.09652896,2.95381035
2.70814064,2.70666778,2.7256407,2.92472113,1.67232157,1.65639153,1.49231434,1.45845105,1.59766026,1.74201328,1.37866727,1.56811259,3.19427729,3.06532813,2.89321301,3.08960931,3.15745581,2.84987391,2.84442526,2.9911042
2.88547915,2.80094647,2.69163518,2.61504113,1.52858281,1.49971022,1.50734893,1.73860568,1.55197898,1.44285721,1.54632788,1.72341611,2.93751111,3.18339847,2.97461634,3.14306613,3.03564707,2.94826509,3.07127644,2.84055001
2.89606311,2.70162873,2.74560804,2.66964391,1.45735259,1.74121867,1.51762915,1.56642874,1.52810704,1.61951994,1.66807143,1.46458561,3.10124408,3.25394343,3.15633873,2.90346477,2.88202333,3.21157621,2.84315845,2.76429297
2.78445679,2.67159863,2.76427297,2.86912581,1.61265942,1.58385132,1.4971073,1.59274994,1.58895591,1.59337688,1.445595,1.65111396,2.99146576,3.14395095,2.79776131,3.20639421,3.21645834,2.76402796,3.01602967,2.92728847
2.6355362,2.72810363,2.71122334,2.77025121,1.44007605,1.57795073,1.55533081,1.70937423,1.49981219,1.52350677,1.62356222,1.63493805,2.91883082,2.84620963,2.8937228,3.17466024,3.20718607,2.8748909,3.1310966,3.15372297
2.72801556,2.67407237,2.6699996,2.61571712,1.63003766,1.54484725,1.44395607,1.66429554,1.57339175,1.58442297,1.42609068,1.69836708,2.94308361,3.18744276,3.2105368,2.99226422,2.89235077,3.11709946,3.0682105,2.8960054
2.68588647,2.60643211,2.7604231,2.79133045,1.45409376,1.59718081,1.54755579,1.68220631,1.48072462,1.54373735,1.61857279,1.63424903,2.89919233,2.91233987,3.11903418,3.28133275,2.99645825,2.78698375,3.06877793,3.14627388
2.79756452,2.8028226,2.61635923,2.75637204,1.51309458,1.63849132,1.60498569,1.51563234,1.4434366,1.69100186,1.58556469,1.56392243,3.10235272,3.14497815,3.02826028,2.93032026,3.09393661,3.08575307,2.89169471,2.8537822
2.74759646,2.72510043,2.6560768,2.59769907,1.64621067,1.5411973,1.41513888,1.6803035,1.60428359,1.59119576,1.42642315,1.6556001,3.02520381,3.00672799,3.13136107,3.12793439,3.02977931,2.95420065,2.92749953,3.08462401
2.77178566,2.79988182,2.64448674,2.85100614,1.53478903,1.74920736,1.52023367,1.47852518,1.60529471,1.69067142,1.51368702,1.47516846,2.99878268,3.017115,3.05610704,2.77593498,2.94512098,3.1419522,3.10692702,3.03471498
2.78654658,2.75936749,2.70903767,2.81803106,1.50166502,1.77029437,1.51473066,1.49626894,1.61295242,1.64046478,1.52984607,1.5011634,2.8561586,2.76493028,3.07008128,3.1733798,2.81907491,2.84258529,3.30599905,3.22795824
2.84576324,2.79780295,2.80109424,2.82602954,1.42917875,1.60888325,1.5606755,1.68533944,1.56470352,1.46689476,1.63606743,1.61547831,3.14472179,2.81357357,2.73852123,2.81014096,3.16152418,3.1725911,2.92396264,3.18497616
2.71646361,2.66720497,2.7415409,2.73127947,1.45476479,1.65835597,1.601784,1.56628067,1.45837401,1.61693329,1.58040166,1.62760692,2.8968355,2.73734843,2.86728611,3.29298894,3.08778539,2.81957407,3.22314489,3.26326948
2.77041412,2.73454971,2.71831624,2.79018952,1.58866358,1.61466191,1.42112036,1.66010192,1.62143189,1.50685855,1.51129517,1.64364917,3.13147148,3.00309609,2.78942134,3.13287969,3.24238694,2.95259862,2.89267974,2.94551354
2.77174172,2.85945912,2.79940509,2.57397421,1.5210476,1.67257904,1.61575588,1.47992665,1.44838798,1.70472205,1.557407,1.5709163,3.07057124,2.76148542,2.86369264,2.99996536,3.04521486,3.2231616,3.03034679,3.1426121
2.61947859,2.62202743,2.75436289,2.89777952,1.49350782,1.49030285,1.62225773,1.67247147,1.4859929,1.54552886,1.52123724,1.71729307,3.03636001,3.05373758,2.80686442,2.84379327,3.2366844,3.08567614,3.05666735,3.08445956
2.70061593,2.64920644,2.80896418,2.78983272,1.56467056,1.70529257,1.48520837,1.51715065,1.60021172,1.65490148,1.47789866,1.55026465,2.89668314,3.01020766,2.83058881,2.85018241,3.10364333,3.20211099,3.2181557,3.03264258
2.63206323,2.79951929,2.69542622,2.71377122,1.53879136,1.70065085,1.37637384,1.66968139,1.68818673,1.57964013,1.52367417,1.49176515,2.98786503,3.10277025,3.22328214,2.90607922,2.84395334,3.12154656,3.10947097,2.9125359
2.92423607,2.73797117,2.57481205,2.82458828,1.47281586,1.65879268,1.55230148,1.603282,1.47124222,1.54783479,1.6562958,1.6138708,2.80356597,2.92203416,3.0803926,3.26641667,3.08500878,2.80646303,3.13111246,3.01927048
2.90355807,2.86521116,2.64735686,2.6294349,1.53288282,1.70716311,1.51691148,1.5092937,1.50605199,1.66367506,1.57259236,1.52662634,3.02541595,2.83669113,2.84077165,2.89635609,3.21645949,3.24261634,2.9609665,3.09837645
2.72641647,2.65603028,2.57050756,2.69962035,1.62849429,1.70002933,1.52178397,1.43185708,1.58387657,1.76799903,1.35954008,1.57906306,3.14097894,3.16524326,3.09546659,2.87184054,2.93723483,3.10804861,3.0216734,3.00127879
2.73419839,2.67402935,2.69136813,2.73400856,1.51985914,1.52841556,1.53456592,1.70080244,1.51182271,1.51151803,1.54188701,1.71708974,2.85541479,3.06577567,2.81657003,3.043096,3.25585484,3.03492992,3.16934731,2.96630358
2.91294834,2.69099283,2.589,2.62154576,1.52567514,1.59929316,1.54144748,1.60683806,1.42078088,1.55947725,1.62043764,1.68079977,2.94078715,2.76800371,2.95638104,3.07745296,3.22268296,3.14641954,2.97306721,3.18577068
2.68168358,2.72613716,2.62209362,2.72356304,1.64246669,1.52421304,1.45712924,1.65913806,1.54766664,1.56154994,1.45762627,1.7101337,3.0872153,3.0168995,3.14234437,3.2928642,3.02226741,2.81678703,2.9331237,2.9534168
2.88416341,2.63888935,2.76078937,2.66273858,1.55920878,1.54311569,1.50852445,1.67224799,1.56373238,1.49046347,1.50532236,1.72357643,3.29659402,3.11029426,2.830731,2.91839295,3.10172948,3.20172708,2.74587414,2.9535424
2.78049511,2.66131815,2.80744804,2.83104194,1.67860363,1.50504213,1.49012454,1.60968125,1.57634197,1.61097052,1.41827891,1.67593828,2.94465935,2.98626517,3.10228698,3.17468306,2.97890161,2.80679626,2.97378382,3.09856324
2.91244806,2.78571208,2.74345446,2.5710249,1.57228386,1.63641048,1.39289277,1.67098305,1.67736309,1.57716286,1.50755247,1.51688129,3.05952839,3.09639902,3.09205023,3.08188886,2.97725234,2.97118875,2.85107225,3.01141075
2.88096851,2.91677866,2.66086308,2.73745705,1.5042815,1.5235393,1.69160841,1.55266875,1.35619576,1.64900554,1.62401984,1.64989971,2.85169222,2.79331342,2.92536493,3.04787258,3.20338253,2.99893289,3.06322999,3.13825947
2.85551924,2.96130673,2.85542702,2.91568417,1.57182185,1.54784412,1.51647049,1.64727967,1.59137188,1.50476933,1.57102148,1.61470135,3.05013329,3.07173822,2.74772866,3.01543882,3.24680972,2.9836078,2.89536644,2.80945373
2.78640554,2.86698244,2.71698211,3.03849592,1.44356836,1.61615075,1.60952807,1.61695361,1.55969842,1.52542841,1.60246776,1.59975038,2.9913249,2.80110626,3.04533515,2.89202988,2.90158413,2.97895597,3.10960013,3.21169362
2.90960669,2.75883254,2.83021181,2.82633678,1.54131584,1.67236795,1.50960788,1.56004393,1.66410332,1.67184184,1.49562542,1.45461864,2.78788545,3.03952312,3.01610257,2.74601884,2.95884148,3.02823749,3.17471958,3.1895032
2.73094056,2.81286697,2.87024329,3.13014874,1.48606948,1.66367461,1.55926698,1.56240604,1.59094853,1.64186163,1.58249215,1.46221806,3.15456517,2.98472745,3.2236605,2.82209446,2.81068335,2.9905622,2.81093845,3.10372336
2.8180041,2.80796734,2.9838029,2.85290814,1.4848092,1.53064633,1.62028114,1.64680165,1.51633401,1.52326666,1.59754393,1.64416481,3.14008667,3.12262609,3.09819594,3.1042761,2.79154535,2.84106409,2.88480418,2.89509685
2.81998429,3.01750569,2.75275655,2.86547462,1.54128186,1.48779546,1.65233116,1.59829487,1.44767603,1.61195013,1.56253188,1.65906686,2.81640402,3.09411939,3.0850151,3.11666824,2.94457555,2.79908417,3.1626966,2.87560181
2.88936444,2.89144678,3.0237117,2.91988524,1.64017363,1.48857812,1.53809748,1.61529177,1.58923915,1.57734352,1.48691859,1.62793167,2.88257099,2.924386,2.74535219,3.04243051,3.23655247,2.87283802,3.01078356,3.06202628
2.83454262,2.74672096,3.03080467,3.02965886,1.42132811,1.67046651,1.60355398,1.56540412,1.60972214,1.58400847,1.59668031,1.47640605,3.06656858,2.97221952,2.87317242,2.73678029,2.95474997,3.07230738,3.00582412,3.16621986
2.65277543,2.65244823,2.80230273,2.912629,1.52588582,1.55256327,1.71097373,1.47536918,1.38046557,1.65281929,1.52970771,1.70690387,2.94877726,3.04344529,2.98526457,2.92277708,2.98804885,3.14545696,3.16594722,2.92397648
2.87473283,2.73185344,2.88308963,3.03743753,1.47942661,1.59774266,1.57265283,1.62165789,1.58156,1.53080688,1.58292992,1.59210743,2.77235851,2.83713171,2.83727955,3.19541431,3.09982892,2.69048861,3.21459514,3.23290092
2.77887742,2.83074357,2.97153654,2.78542896,1.62584764,1.54379886,1.50787678,1.60886554,1.65081211,1.55374503,1.40639376,1.67244738,3.18785308,3.16076609,2.68918598,2.9103683,3.09991304,3.08641562,2.96439292,2.83237725
2.72490817,2.74518784,2.8804658,2.92206975,1.67491344,1.52654112,1.45799574,1.61652393,1.64061223,1.57709376,1.4276849,1.62950876,2.9904536,2.9663335,3.26317605,3.17570485,2.79415208,2.77773427,2.95066223,3.05403561
2.77273458,2.68181667,3.02714689,2.78500474,1.57484392,1.67633452,1.48168329,1.54881852,1.60349596,1.61647,1.53179958,1.5202401,3.03864909,3.01037998,3.07583577,3.14076489,2.85413143,2.97958345,2.96448875,2.94225788
2.80974794,2.95411946,2.86597619,3.00177985,1.46119407,1.66641551,1.57272504,1.58235886,1.52604532,1.54613956,1.67867202,1.52828705,3.01497307,2.86017112,2.95560954,3.06365501,3.00336675,2.9434479,2.98562382,2.99260193
2.97769278,2.85399037,2.81864503,3.0740165,1.65403983,1.51200207,1.56789414,1.55659753,1.5578858,1.60155302,1.46026567,1.66845142,3.11801902,3.17644243,2.9068613,3.08727618,3.10097658,2.81827792,2.79112864,2.80203463
2.90691977,2.90005536,2.75643734,2.92687451,1.62319698,1.69281514,1.45726678,1.51034643,1.60833578,1.61738124,1.53370161,1.52531951,3.10685249,2.80252997,3.17309244,3.03177938,2.8560247,3.04166319,2.83660506,3.01915846
2.85332005,2.96189871,2.85183649,3.09632182,1.62563114,1.55810639,1.58945002,1.50466504,1.52803687,1.68895234,1.51312675,1.55555308,2.89832187,3.16503027,3.02188952,2.85113222,3.05949122,3.0132877,2.96797361,2.82075035
2.79930016,2.68102446,2.83076199,2.96457183,1.47280835,1.60070003,1.61835615,1.58911018,1.51763251,1.569977,1.57456901,1.62067742,2.88009814,2.97950134,3.23875741,2.70771536,2.70794273,3.21145147,3.14997699,3.10274443
2.81493415,2.89161681,2.9468617,2.86291312,1.64090801,1.48392514,1.51146568,1.6434079,1.58193616,1.59401961,1.47844794,1.63033429,3.0507455,3.13375812,3.14695548,2.98776214,2.90630062,2.93173314,2.82278326,2.87280922
2.83439732,2.89267139,2.88857533,3.08822773,1.54993387,1.53031736,1.5279662,1.66703711,1.63945092,1.51778838,1.54105731,1.58549266,2.95185835,2.84794858,3.07849783,3.04674029,2.89748435,2.76623957,3.01113056,3.20727263
2.86296663,2.69736739,2.99108162,2.87181519,1.59232509,1.53902155,1.45539579,1.68005442,1.71280298,1.53338016,1.46868223,1.56434973,2.72226231,2.98664749,3.00392853,3.06601823,2.94625241,2.79449843,3.22115763,3.17511624
2.85464367,2.81026603,2.92004446,2.83036614,1.60270407,1.59715812,1.41824587,1.66517631,1.72730413,1.58426209,1.46534611,1.5019794,2.91854647,3.2813416,3.08196709,2.90473016,2.93539288,2.93079022,2.98503338,2.85795623
2.8186384,2.85561525,2.80187111,2.78519637,1.71564772,1.56833341,1.50580068,1.49295409,1.52267605,1.72445838,1.44604544,1.58357832,3.07147613,2.92322619,3.01273064,2.88878242,3.11895622,3.17462412,2.78339212,2.99435125
2.66647349,2.68892709,3.06737135,2.94371654,1.465226,1.605356,1.621446,1.5763445,1.54623001,1.61836153,1.54578612,1.53428848,3.04622835,3.01154721,3.01727977,2.7045784,2.86516074,3.17767478,3.06628661,3.10973644
2.88643359,2.75470643,2.90566261,2.88123446,1.68874508,1.6360406,1.34127168,1.61013694,1.72204419,1.54278674,1.46974631,1.54737458,3.02528581,2.77076357,2.90715513,2.96312415,3.10800431,3.09987116,2.86866214,3.14581288
3.02882295,2.91912497,3.05057319,2.85577504,1.48059448,1.61236695,1.67505998,1.51284444,1.51075921,1.64142542,1.60392122,1.5257683,2.84308476,3.12822295,2.96707695,2.8054478,2.88724448,3.08188917,3.13914069,2.90203665
2.71710137,2.94699687,3.03580871,3.06878588,1.62162169,1.5831586,1.53179612,1.52387182,1.64261909,1.59944357,1.43670949,1.6025742,3.20160203,3.1435132,2.94013219,2.83355077,2.87284693,3.07595694,2.95235456,2.80173941
2.9372321,2.86051783,2.85054403,2.86134994,1.53229312,1.47176737,1.61384107,1.66472681,1.55754678,1.48988396,1.51536707,1.71856887,3.04196679,3.19097815,2.99179465,2.93766271,2.8660618,2.93860255,3.01285516,2.86991947
2.78940344,2.81565968,2.84904437,2.90664564,1.47205967,1.62149202,1.56952724,1.61780284,1.55492743,1.4611725,1.60525438,1.6571172,2.94608667,2.75176205,3.01029616,3.18695455,2.82763928,2.8926518,3.19401304,3.10909275
2.78416814,2.76910276,2.92139347,2.99354573,1.47516041,1.49236718,1.60621021,1.7042731,1.47959465,1.5363631,1.64385676,1.61274608,2.85394632,2.96088614,3.06530023,2.86462838,3.04911727,3.01732095,2.97961479,3.10056724
2.79978668,3.00470518,2.91703402,2.99502113,1.54570907,1.65174306,1.51099025,1.56771977,1.59576957,1.60412621,1.59633122,1.48741357,2.83960804,3.00358325,3.07317602,2.901244,2.92536893,3.04950886,3.10862733,2.89831814
2.90519031,2.89760375,2.77066665,2.86928504,1.69407647,1.57887231,1.57599514,1.43423704,1.54464668,1.73241136,1.41399919,1.58912453,3.03488215,3.00917837,3.0433615,2.8166952,2.96573739,3.11773674,2.91900446,2.97391298
2.91472987,2.7933807,2.8526761,3.07144407,1.54131241,1.64410046,1.57356665,1.52865122,1.56409928,1.63674699,1.55926134,1.53041382,2.91758105,2.9217429,3.11454342,2.86129958,2.87414133,3.01368163,3.01205276,3.11582721
2.8340595,2.69618273,3.10811216,2.86664931,1.44122496,1.59162502,1.62460753,1.60163675,1.49142617,1.55492676,1.65492664,1.57895151,2.97500593,2.94414204,2.84429194,3.15976869,3.05454188,2.86532555,3.02027464,3.05766853
2.80583371,2.89861886,2.77296584,2.95008379,1.54626181,1.72380357,1.52443217,1.48622519,1.62023522,1.68183834,1.52098086,1.45981628,3.14767622,2.86904785,3.03560557,2.89592907,2.9198497,3.00159018,2.90296382,3.12513181
2.80292975,2.80285075,2.98607005,2.89273288,1.48673193,1.49814511,1.64593597,1.6445585,1.50874797,1.46549339,1.57800282,1.73065895,3.00955555,2.97099766,2.92322129,2.92127693,2.85813827,3.10720643,3.1343598,2.95461167
2.94011154,2.98465187,2.78399467,2.72767953,1.59543755,1.61614721,1.58763823,1.46649161,1.48127054,1.68128019,1.53788625,1.57534282,2.90206169,2.93087592,2.97487216,3.04178449,2.99494062,3.03532244,3.0723368,2.95855517
3.07083273,2.78442728,2.81653697,2.76271021,1.47418907,1.69335777,1.60724821,1.50695175,1.5257842,1.67573991,1.61485078,1.46962792,3.03870395,3.11466199,2.97096983,2.99565942,2.99334197,2.91002419,2.89900205,3.00029982
2.69421963,2.6188115,2.79996894,2.84907893,1.4771159,1.543443,1.59218992,1.67137516,1.48336554,1.4981536,1.57726876,1.70739417,3.12063382,3.02628769,3.04681584,2.8978382,2.93439444,3.1413696,2.95651948,3.02377002
2.83123642,2.72875768,3.04507279,2.93773289,1.5333983,1.57591536,1.69249633,1.45937893,1.42727043,1.73233349,1.56770741,1.53979874,3.13246867,3.1434852,2.85809223,3.10110773,3.11325062,2.83431065,2.7926046,2.89892741
3.01217222,2.77885824,2.83022904,2.76555217,1.39920896,1.61539953,1.71870797,1.54071988,1.43382541,1.62119737,1.67681027,1.55201696,3.01450053,3.05699473,2.97307988,2.76793805,2.95062684,3.15231696,2.9655399,3.04542818
2.85228545,2.82181269,2.84696884,2.87448919,1.64659939,1.48028556,1.55510408,1.60169828,1.59596066,1.61791726,1.41459706,1.65455489,3.04358079,2.993503,2.8264994,3.05557136,3.1438461,2.77326568,2.93359653,3.12515246
3.05129341,2.94804313,2.75404637,2.72638583,1.66192978,1.49272244,1.50108289,1.59684741,1.58432515,1.56617042,1.45759594,1.66190698,2.92692436,2.99826922,2.81435462,2.99510479,3.1983818,2.99756733,2.9981009,2.98504991
2.98557431,2.97124848,2.73704333,2.9974914,1.65910994,1.54523579,1.45935228,1.6188566,1.69328818,1.57121421,1.45703189,1.55896771,2.82697649,2.87282436,3.14002278,2.84036945,2.90965076,2.98094851,3.0840491,3.16063327
2.90338722,2.9448982,2.77599425,2.82269394,1.60768427,1.43313826,1.66135909,1.57405654,1.4978848,1.61238328,1.45665569,1.71384638,2.80953622,2.84467653,2.94220272,3.03537572,2.97601937,2.83010949,3.23427836,3.21315441
2.82997281,2.83534817,2.84475301,2.85153044,1.51999138,1.71044266,1.39552583,1.65718442,1.69915204,1.47398739,1.59194032,1.51448628,3.17874492,3.08993546,2.83797399,3.14554279,3.09701704,2.910872,2.84462131,2.80555468
2.87399705,3.06516722,2.96519799,2.88808216,1.50798489,1.59125522,1.48034028,1.70637223,1.68850325,1.49788033,1.58643903,1.51297117,3.18137569,2.96297057,2.85806526,2.94745695,3.07209201,2.87427464,2.78811765,3.08683397
2.92420505,2.92817442,2.83251675,2.88063134,1.69989115,1.41381266,1.56152239,1.60802838,1.49294359,1.53879748,1.4855073,1.76146868,2.86780187,2.80083166,3.17555189,3.03353493,2.85423567,3.02536258,3.02911713,3.04401113
2.94012972,2.80964042,2.81097535,2.78051658,1.47499402,1.64979922,1.61936432,1.53666046,1.47524258,1.63428352,1.6172545,1.55594771,2.87813933,2.7629993,3.0191517,2.96027285,2.95289838,3.03968912,3.07915532,3.23426919
2.92180501,2.91439584,2.81245291,2.79453431,1.57278808,1.51353588,1.56104056,1.62885264,1.50730618,1.52817195,1.57235692,1.67365497,2.82883926,2.70742665,2.88450679,3.22748631,3.10170473,2.83737372,3.12089679,3.17475404
2.7513948,2.90603225,2.94224946,2.69620761,1.51371658,1.64732037,1.5284251,1.60258221,1.53177154,1.65076432,1.62995798,1.47805311,2.85470261,3.02037865,3.02905358,3.05759123,3.01120098,3.01627419,3.07059751,2.92183003
2.8713384,2.8994269,2.77058272,2.87634606,1.484198,1.59201746,1.66331591,1.54247422,1.43884057,1.58933178,1.62686036,1.62903929,3.17689509,2.99853832,3.09834725,3.03243889,2.85192028,2.97166306,2.84754726,2.91171086
2.98007877,2.87847045,2.81719127,2.78484435,1.58549376,1.68107601,1.4204919,1.59489775,1.66867969,1.58630127,1.55829263,1.46373435,2.89098698,3.03970472,3.23242898,3.0488282,2.81082452,2.94770699,2.98165196,2.9287705
2.9669002,3.01820603,2.88770647,2.66848899,1.46990413,1.53899372,1.66510753,1.59241391,1.43912499,1.57717313,1.64689209,1.61382563,2.89254037,3.19197173,2.96768758,3.07377697,2.96281802,2.97870835,3.06528087,2.75322397
2.89154879,2.87037538,2.7050458,2.6896323,1.65899235,1.62966473,1.4386131,1.53510607,1.55738715,1.69294134,1.49592745,1.53391957,3.0736754,3.00845332,2.95632525,3.02066116,3.2282445,3.06018079,2.75435836,2.94346127
2.85392867,2.8841053,2.79609877,2.93902704,1.40895626,1.54360557,1.60177859,1.72986179,1.50510896,1.44024672,1.72511719,1.61272627,3.03414241,3.12252504,3.10548251,3.0601114,2.93072614,2.86442763,2.89981139,2.8519518
3.05558616,2.98325412,2.78435022,2.717589,1.59328016,1.54570191,1.50210653,1.62279056,1.60562167,1.51350033,1.5128347,1.63104886,3.08836211,2.89522504,3.06326102,3.20048221,2.86640727,2.81749469,2.89979549,3.05847537
3.03279713,2.89354018,2.90726109,3.04599249,1.59109906,1.48458348,1.56499595,1.64826875,1.60374431,1.53680922,1.50259988,1.64369269,2.84446236,3.07275754,2.76881876,2.91142881,3.1872576,2.89697667,3.06850967,2.98977707
3.07231792,3.04464852,2.75421861,2.90163059,1.64567005,1.6306524,1.40857142,1.59263253,1.68310865,1.52999153,1.50999573,1.53569714,2.79999596,2.84258058,3.01779284,2.91880643,2.98269304,3.08575745,3.13489724,3.02212843
2.88897994,2.9340989,2.83472493,2.90010673,1.55177179,1.53761396,1.48882154,1.70201979,1.63271526,1.44695462,1.56843218,1.63358078,2.89086052,2.75799923,3.17113694,2.95964126,2.76015841,3.00755921,3.11342737,3.16877478
2.92406542,2.93218033,2.88030776,2.81387489,1.61545015,1.53469324,1.40886822,1.72443004,1.63625662,1.49300338,1.56906757,1.57776224,2.8525665,3.04993028,2.97456894,3.1155461,3.15702034,2.89183472,2.92164862,2.87980973
2.94939647,2.90540365,2.80727284,2.91488186,1.48276957,1.59351111,1.53262067,1.67136764,1.61421988,1.46025058,1.61264798,1.59736339,3.16204043,2.80048598,2.72114188,3.05535883,3.19333759,2.85060781,2.8533633,3.19398178
2.81027882,2.81938698,2.90907927,2.86963286,1.58169962,1.48003717,1.59311948,1.62555313,1.45704183,1.52353807,1.56882927,1.73425354,2.79505121,2.93977026,3.07314061,3.27844768,2.91211847,2.8423214,3.16316822,2.88909841
2.88451618,2.91342591,2.78933725,2.74069159,1.45100948,1.75311196,1.43685347,1.64081832,1.64539917,1.52401821,1.68041351,1.42771008,3.07589974,3.00257886,3.18526901,2.83766591,2.7777741,3.24194949,2.92048783,2.89532903
3.00529897,3.03203065,2.89770712,2.84789496,1.64367776,1.56480698,1.48433434,1.5785794,1.56083198,1.63015104,1.55202613,1.53972258,2.90439143,2.97001337,2.92691137,2.75773801,3.19470558,3.23368767,2.85247563,2.93589225
2.96265117,2.85860372,2.77124418,2.66655394,1.68382966,1.62278005,1.4413726,1.52693258,1.56794548,1.62010899,1.49323293,1.58413416,2.97232569,3.09456501,2.94010973,3.15791501,3.129119,3.01498056,2.90492965,2.78278827
2.81172326,3.0453689,2.96418312,2.92690301,1.56425045,1.67692664,1.5616625,1.48699571,1.5949943,1.62150094,1.53225037,1.53914506,3.08464302,3.00362755,2.91682098,3.03457142,2.86665724,2.96662519,3.05618185,2.85791898
2.87179637,2.85258894,2.81624259,2.83061288,1.57162586,1.67190399,1.42034107,1.61923722,1.68393184,1.57854396,1.54627886,1.47437276,2.80270152,3.23930195,3.10453775,2.96050968,2.92411404,2.9766168,3.12002418,2.77566646
2.81120857,2.77735418,2.96874593,2.73938498,1.52614419,1.6434154,1.64941535,1.46636168,1.51354885,1.7578892,1.50461386,1.50720572,3.23301541,2.98844904,3.0822193,2.87129901,2.81053872,3.05114034,2.79742294,3.12739966
3.03867995,2.9863069,2.8205985,2.84299806,1.67007275,1.47054716,1.54511685,1.58672424,1.50143643,1.53694025,1.5149186,1.72456374,2.86107756,3.0820476,2.97806974,2.93564779,3.04011825,3.16996151,3.02662463,2.71567792
2.85058331,2.82163068,2.74817392,2.82744967,1.61890313,1.75313975,1.52341169,1.38735713,1.55649874,1.77594587,1.49239211,1.46160472,3.06781257,2.80643993,3.01934608,3.15890528,2.99401088,2.86147683,2.91647378,3.1410851
2.86505029,2.84303602,2.84435008,2.82440944,1.48375192,1.5320182,1.68888593,1.57543052,1.47243052,1.55557056,1.56189657,1.69246445,3.12659746,3.10076256,2.90466246,3.02077029,2.91183485,2.93497528,2.99860398,2.9081414
2.8006411,2.86524829,2.71198237,2.76227053,1.65591031,1.50094331,1.44525928,1.68092286,1.5983492,1.55608248,1.46666396,1.6561157,2.7676498,2.99756287,2.96060678,2.84673386,3.16758354,3.14594314,3.14848968,2.99323925
2.84263942,2.88674203,2.7656445,2.87918384,1.62790654,1.57271694,1.48858573,1.59304927,1.63664951,1.65998132,1.4567066,1.53007643,2.69559982,3.08447188,3.09190274,2.82850558,3.00307177,2.97779927,3.20480162,3.028386
2.78280387,3.06009026,2.9762158,2.71816043,1.52255471,1.5117576,1.63509554,1.62811092,1.4305711,1.58602752,1.65104042,1.62672403,2.90028964,2.86714438,2.89303233,3.11882614,3.11365798,2.99535956,3.03103797,2.98257522
2.75648409,3.00730362,2.77690091,2.97785168,1.55982688,1.59896558,1.44636821,1.67804034,1.69192993,1.57105929,1.53526375,1.48426192,2.99080645,3.18347114,3.05064959,2.9986705,3.05870873,2.77868068,2.93319624,2.89243152
3.04683234,2.8655769,2.87551914,2.79796298,1.58974885,1.69385473,1.40822307,1.59039037,1.64127917,1.53194259,1.59999869,1.50727641,2.87225442,3.12188064,2.90129347,3.20563809,3.10304412,2.91826911,3.00338993,2.71747385
2.86657929,2.87543549,2.93124492,2.91332829,1.36544911,1.61655894,1.63088362,1.66846177,1.51574739,1.48393309,1.72393372,1.55857163,2.88949996,2.94087084,2.82941359,3.15380943,3.05514663,2.79261176,3.13648382,3.02586885
2.79112642,2.86092712,2.75842671,2.92112587,1.5983325,1.66069897,1.51351807,1.5110713,1.64274456,1.59796569,1.43197619,1.61066221,3.2056617,3.05234275,2.74562828,2.98991952,3.06875638,2.97639505,2.99873134,2.90061191
2.89772802,3.05020964,2.95027452,2.7000805,1.5566285,1.61788483,1.63118233,1.47451027,1.51991608,1.73858993,1.52662456,1.50294678,3.11759251,2.87049756,2.94859395,2.90473782,2.96047657,3.04035184,2.86535644,3.15369034
2.81156698,2.79878212,2.69610733,2.68947186,1.57776675,1.66984938,1.52517809,1.51026023,1.49415877,1.68295286,1.55344754,1.54523932,2.88091682,3.05113578,3.2171737,2.79667317,2.87866385,3.32309245,3.074061,2.89021754
2.85801993,2.81785572,2.51031573,2.65667754,1.56314969,1.65427446,1.5843583,1.45887018,1.40663658,1.66403784,1.54288448,1.66449139,2.87620448,3.09386095,3.07814791,3.17542794,3.01006509,3.04676806,3.21858786,2.76320415
2.71130925,2.65694184,2.69861835,2.76305594,1.481932,1.70456153,1.56882857,1.52525928,1.42683451,1.66744082,1.62152758,1.56857527,2.84042265,2.81361002,2.95750171,3.14088795,3.16744551,3.01955505,3.1439893,3.12870508
2.79125384,2.66652112,2.51219358,2.7282129,1.46046189,1.66770798,1.50798812,1.6467677,1.44767843,1.57175729,1.67827165,1.59496901,3.05523525,3.00776092,3.23932249,3.22318159,3.10942136,2.87491168,2.81830508,3.01569807
2.72162908,2.90082928,2.47882264,2.64862013,1.48357957,1.54678349,1.60759195,1.63229718,1.39413889,1.645658,1.58553068,1.64217161,2.84281976,3.16826572,3.17964587,3.08924439,3.0901824,2.92372287,3.17924603,2.86191723
2.75078694,2.77906506,2.75105582,2.58795454,1.63381667,1.56714682,1.44609708,1.63839301,1.53791905,1.57310327,1.48713493,1.68314715,3.12602053,3.02286843,3.08651384,3.02809249,2.95573063,3.25790311,2.88239394,2.84472952
2.7259908,2.71317451,2.75532831,2.6556276,1.43921934,1.56279842,1.67201392,1.60906207,1.35904503,1.64287154,1.66245164,1.61915087,3.08078947,3.05405086,2.85863568,3.08834405,3.26200747,3.01078048,2.86037955,2.98645446
2.76369063,2.88869173,2.6745542,2.70076249,1.46482913,1.54153485,1.66375362,1.60321096,1.39778403,1.56825271,1.61877309,1.69955319,3.15736086,2.83517047,3.02079448,3.11538472,2.96049703,2.98275686,2.95086971,3.08100888
2.82494059,2.709264,2.64725396,2.74573485,1.67356598,1.46265278,1.59392694,1.55534513,1.49275081,1.62084628,1.3772963,1.78743515,3.13963067,2.94517608,2.90706031,2.84631434,3.08590944,3.17005028,2.94386574,3.11664185
2.69691314,2.82944981,2.70836069,2.83473048,1.56178303,1.68534152,1.49320885,1.54313954,1.56042257,1.68277909,1.54652855,1.49367347,2.97869768,3.08494149,3.02838075,2.98891911,3.08940974,2.99366303,3.01161481,2.8937799
2.73030002,2.79113021,2.56422567,2.78328268,1.46192175,1.61865835,1.54138063,1.65110525,1.45824117,1.53105026,1.65979776,1.63489735,3.08781953,3.0405071,3.05120712,3.17341675,3.14872127,2.92674743,2.91800096,2.86877638
2.80143098,2.84936869,2.57221867,2.69887011,1.60079105,1.61809785,1.47969315,1.58445958,1.58820367,1.61086783,1.43909744,1.61786499,3.11195411,3.0482255,2.85019742,2.85437744,3.20242267,3.14614428,2.99090405,2.98750044
2.75724895,2.86205634,2.75114695,2.5525132,1.65330102,1.65656575,1.50445722,1.46046293,1.48858042,1.76110257,1.47696569,1.55708071,3.00478496,2.91936747,3.04819073,3.28749474,3.00066148,2.9790312,2.99503305,2.96281441
2.67756325,2.69999708,2.6814752,2.67847417,1.45653778,1.59794816,1.42265382,1.80676547,1.6248627,1.4147194,1.58571337,1.65761154,2.83382773,2.74514623,3.19185711,3.05766749,2.8504307,3.0444148,3.26311757,3.27867625
2.66189449,2.86568323,2.57906558,2.71106213,1.46489717,1.57276054,1.64668988,1.59259198,1.38325825,1.68866976,1.62551745,1.58530228,3.11120936,3.26749031,3.18371395,3.00628142,3.04180291,2.96613934,2.89822195,2.77350248
2.63431616,2.75125384,2.63080834,2.56355265,1.5485325,1.70330013,1.3569315,1.67912693,1.65462296,1.64567821,1.49754381,1.48077538,3.03816434,3.19341565,3.18084646,2.92013597,2.98967063,3.17571522,3.00350648,2.89731282
2.68603323,2.86421126,2.73963474,2.8206575,1.37543359,1.62208536,1.57265254,1.71365349,1.53211228,1.51346788,1.68392007,1.55333165,2.9894642,3.08430697,3.22132985,2.9177965,2.78925195,2.99654291,3.09623021,2.95326873
2.82715861,2.58715175,2.63122256,2.68378864,1.56291936,1.6868095,1.54799359,1.48838826,1.53273009,1.72017724,1.46631852,1.57260234,2.91148605,2.98704276,2.98812674,2.90087865,3.08765421,3.0981756,3.10260774,3.22553597
2.72515471,2.7351657,2.52801733,2.79535468,1.46223882,1.64364623,1.54520252,1.63627573,1.45130199,1.55818212,1.64992882,1.62721365,3.15863993,2.80892522,3.31382766,3.06947509,2.94379525,3.00250105,2.82221291,3.15031556
2.78594524,2.75118182,2.60989015,2.72816256,1.47155156,1.71222611,1.52403015,1.57187148,1.46859169,1.64672771,1.65632068,1.51344612,2.85903858,2.86418611,3.26285316,2.86683993,2.9663155,3.23620738,3.04147064,3.09466678
2.66405331,2.90616525,2.73135247,2.57279567,1.5848062,1.497213,1.48567131,1.71790369,1.49592972,1.55921234,1.56526076,1.67581743,3.23683657,3.10616039,2.97286944,3.14117506,3.17518178,3.0929963,2.73098823,2.77079145
2.71172471,2.58364552,2.53066221,2.80972145,1.51269872,1.78199115,1.54173688,1.45342897,1.54590045,1.68492439,1.4668661,1.5968128,3.29513049,3.01990042,2.91272321,2.97953986,3.0945591,3.0621165,2.93645043,3.08044683
2.59345608,2.60661338,2.67157721,2.84115588,1.43525196,1.78606075,1.48522684,1.57109717,1.59097688,1.62017665,1.57073898,1.49797046,3.0147335,3.05754629,3.01410907,2.94535884,3.01368347,3.07740748,3.17196662,3.02173781
2.79042209,2.75788444,2.58703258,2.69464868,1.39753605,1.71974281,1.52553013,1.62082018,1.46702062,1.5340774,1.70993665,1.57196091,3.13562235,2.78852706,3.0154185,3.17328192,3.0894579,3.01326391,2.90854469,3.1073416
2.8579168,2.73692187,2.49320538,2.6504748,1.54812679,1.51412141,1.52890538,1.68715521,1.49776225,1.55144132,1.50591257,1.71733909,2.91831178,3.1310098,3.07457712,3.20794015,3.16683497,2.78040539,3.04470438,3.00227689
2.6601576,2.80823874,2.64526897,2.53094431,1.43737487,1.56727872,1.58171905,1.6971959,1.38128784,1.61829408,1.67577728,1.60499487,2.83222434,3.01169929,2.89766471,2.96481169,3.3350267,3.25868253,3.11743834,2.95880475
2.86314038,2.58865313,2.51835343,2.75246162,1.5198479,1.6125853,1.45660557,1.71474419,1.61953614,1.53863394,1.49493834,1.64419011,3.07619416,3.18733226,3.05682696,2.78709264,3.15810231,3.06745449,2.88806276,3.12576112
2.8500143,2.8276743,2.63887599,2.67335182,1.54452821,1.4721063,1.50837758,1.7542634,1.51949538,1.53746363,1.54062826,1.6765838,2.80967893,3.00061739,3.3051278,2.8120246,2.89946532,3.12860299,3.06269424,3.11496974
2.61843147,2.76611412,2.64869609,2.63780048,1.4507761,1.61436873,1.58831022,1.63064153,1.40445466,1.63924342,1.61248031,1.62889334,3.01082929,2.84098222,3.24088621,3.31473576,2.87550116,2.82457373,3.08214991,3.134785
2.82247489,2.74392078,2.71961967,2.66115901,1.62847893,1.66516432,1.37741979,1.60748512,1.63558049,1.57057872,1.48597981,1.5910032,3.19822682,2.99953159,2.99814301,3.20150753,3.05756452,3.00061618,2.77884748,2.91350389
2.76447939,2.70899732,2.62853781,2.76030914,1.43683331,1.62893056,1.6664877,1.54843846,1.41875403,1.62666233,1.58277194,1.65578672,3.07589025,2.86943192,3.06130642,3.06025719,2.93179602,2.95411576,3.05479785,3.18710278
2.59362516,2.68732995,2.5328443,2.76091419,1.39639979,1.63828908,1.58296188,1.66542432,1.4575282,1.58230438,1.62556101,1.61989233,3.10918613,3.22672124,3.22116258,2.92183282,2.97463501,3.0581265,3.02607053,2.87514881
2.75321884,2.82536675,2.64443097,2.8264302,1.62430368,1.64312712,1.4131086,1.60352034,1.59558101,1.55409542,1.50672766,1.62557024,3.22997949,3.00685829,2.91910626,2.92120682,3.18514311,3.21601435,2.78769135,2.82268138
2.7597985,2.77253336,2.54426645,2.56321429,1.56871562,1.49807403,1.42871135,1.77671742,1.53939833,1.48434025,1.53130869,1.71569188,3.11065856,3.01992823,3.10005126,3.00161199,3.13726986,3.14112959,2.85405265,3.01284819
2.71889251,2.64633745,2.54118244,2.56943139,1.60989299,1.68659006,1.37553075,1.60329709,1.55380803,1.67304771,1.48065222,1.57775412,2.86572622,3.0474589,3.03897892,2.85001142,3.25286901,3.33939869,3.07525737,3.0194577
2.78994252,2.64219556,2.82470155,2.61729504,1.44682609,1.58234686,1.61161485,1.64089806,1.41875165,1.58227997,1.6654646,1.61523739,3.01748022,3.01063656,3.02434284,2.86892253,3.05322151,3.28800058,2.89011623,3.04891341
2.69479484,2.60171257,2.64145615,2.64365872,1.43135984,1.62031623,1.62621842,1.60171716,1.44626146,1.63122785,1.54703241,1.65651846,3.08359938,3.15414042,3.02538562,3.1152171,2.98407823,2.90876022,3.06904661,3.05492055
2.58754515,2.74270112,2.64441783,2.69054169,1.61477046,1.53297125,1.52794807,1.60562643,1.51891042,1.66505878,1.41125908,1.6884262,3.213253,3.17372639,2.78857939,3.27985953,3.32747144,2.75877982,2.91122724,2.88017678
2.66991707,2.78003527,2.65379444,2.67209113,1.62188617,1.6318629,1.4407439,1.58921537,1.59497803,1.66818906,1.44890218,1.57069205,2.84066043,2.87737079,3.18513217,2.81073362,2.9295919,3.24071577,3.21164186,3.15387003
2.78513254,2.76072254,2.63037309,2.60935223,1.56712489,1.66449238,1.5158734,1.53411779,1.53514148,1.71970488,1.4768976,1.53957821,3.00841335,2.96321237,3.14275024,2.95138312,2.95592913,3.07935639,3.00606193,3.14714386
2.78933534,2.94788481,2.75409974,2.76520183,1.64117416,1.58843977,1.39384083,1.6555642,1.68167422,1.51932695,1.50077001,1.58325911,3.14046403,2.73330627,3.28058261,3.23173656,2.75832369,2.84660347,2.84746338,3.14435751
2.84290658,3.02626208,2.78602507,2.91770236,1.53466556,1.48058173,1.57862775,1.68290868,1.56169894,1.52645345,1.5631163,1.63261248,3.02268721,3.11669311,2.8685156,3.07258864,3.15886309,2.76796343,2.9324001,2.90882133
2.99512749,2.84451013,2.95987191,2.82630681,1.48713669,1.5561319,1.65884278,1.58056366,1.47576573,1.65199387,1.60621247,1.54927375,3.10969552,2.94370087,3.08071069,3.08173293,2.91455972,2.76628794,2.75632223,3.16627958
2.87468459,2.78143364,2.86457282,2.86359634,1.61268734,1.63759909,1.39802447,1.63480974,1.68726825,1.51148144,1.52485604,1.55806917,2.98620834,2.70621038,3.06679839,3.16236442,2.930743,2.89082876,2.94639547,3.21276974
2.80046052,2.88743379,2.78366101,2.99000597,1.51298609,1.47957453,1.61888554,1.67358964,1.52037999,1.51332319,1.5678851,1.68139921,2.80936773,2.92144464,2.84961539,3.00230052,3.14696533,2.87743269,3.19471004,3.08207753
2.83354751,2.90172829,2.91220913,2.80183703,1.69318857,1.61239033,1.52903096,1.45164697,1.53084083,1.73926813,1.4814947,1.5320403,2.68305383,3.12563203,3.07448468,3.09465733,2.98454,2.95976751,3.18508674,2.76914105
2.90741516,2.99048493,2.69437643,2.65046354,1.65762686,1.56035786,1.44461301,1.59521397,1.6209751,1.59898907,1.45112972,1.59448355,2.91096187,2.82310224,3.1299534,2.99486879,2.89804781,3.04398534,3.07176502,3.15585507
2.79340605,2.73855712,2.89383224,2.7281128,1.62609991,1.60259415,1.42209475,1.63271769,1.61501276,1.60128955,1.50461219,1.56054542,2.95649096,2.97773844,2.90156576,3.11004305,3.18300201,2.97537577,2.91374066,3.00950487
2.82876337,2.95255349,2.84794245,2.89276424,1.63530916,1.70096669,1.43721725,1.51083013,1.67600793,1.63921458,1.46653244,1.50186962,3.19193268,3.17920875,2.8489421,3.03873301,3.06636022,2.95883987,2.84781777,2.71396611
2.8039983,2.90193259,2.9463847,2.84074033,1.56864369,1.55639937,1.68065369,1.47945573,1.49525217,1.76005736,1.47863507,1.55013045,2.94006956,2.99747715,3.02591058,2.98970697,2.90491481,2.80102539,3.06604229,3.1388112
2.73627354,2.82695819,2.83562957,2.71727623,1.69504839,1.38680898,1.55013231,1.65280582,1.52547739,1.62182313,1.42040344,1.72318364,2.95515975,3.00466042,2.99580579,3.20083286,3.11119052,2.78319984,2.94825723,3.03986435
2.8892674,2.92863911,2.89608147,2.88762168,1.61837501,1.62008335,1.46806501,1.57619617,1.67902171,1.60442572,1.46912368,1.52901459,3.01344222,3.24093545,2.81847734,3.11476608,3.12450364,2.76444986,2.9552312,2.77954327
2.84907662,3.04974211,2.76702927,2.68525144,1.64582328,1.45796759,1.59423483,1.57622275,1.50632025,1.62519302,1.45656444,1.68828826,2.98694075,3.09442052,2.83638925,2.87319961,3.12437183,3.14747113,3.03866005,2.86508087
2.77615658,2.94660851,2.76963862,2.81974054,1.50162552,1.50215128,1.67597382,1.60353039,1.39114855,1.64003459,1.62864146,1.62421868,2.95587152,2.81525685,2.98661923,3.07279968,3.13408751,2.88279045,2.94525954,3.15414281
2.82051692,2.91022024,2.90377562,2.72687645,1.41582215,1.60188391,1.59225896,1.67182706,1.48906835,1.50463479,1.72553119,1.57100236,3.08401252,2.82082605,2.76764348,2.95298448,3.19903794,3.14562614,2.88633296,3.06824737
3.01215558,2.81181521,2.80214782,2.8614019,1.50598842,1.75700714,1.4940056,1.52079422,1.64395916,1.57399335,1.57619313,1.49274752,2.8705906,3.05913466,2.85107416,2.88888157,2.98836157,3.11214291,3.20734491,2.90411361
2.76008872,2.9608675,2.79272482,2.77634,1.49457514,1.70772039,1.5807126,1.50522369,1.57950081,1.63902932,1.5392286,1.5266168,3.01680952,3.10089694,2.95617249,3.16936929,2.82271777,2.83524254,3.22269992,2.84394926
2.86823456,2.82847318,2.9381697,2.64256551,1.68215588,1.49776471,1.50879015,1.59981704,1.61716526,1.60405357,1.39819951,1.66224443,2.80536096,3.02229181,2.74256325,3.03855517,3.15428749,2.99320911,3.20304135,3.02543758
2.99610857,2.9993283,2.7944412,2.6933104,1.67348264,1.58191497,1.46949613,1.52515092,1.55560099,1.65248903,1.49927784,1.5685435,2.91886952,2.92933822,2.88222633,3.08462307,3.19815245,3.01357438,2.92943327,2.96282157
2.79591828,2.80903871,2.74670891,2.75242133,1.62766221,1.54165558,1.47893081,1.63333036,1.61619526,1.5372883,1.42956003,1.7000188,3.24164556,3.2110782,2.98136587,3.12607561,2.96468126,2.9136287,2.83599587,2.7640212
3.04386463,2.86414934,2.86455586,2.98034553,1.44668093,1.64997086,1.63757226,1.54907638,1.49844434,1.57756679,1.67508061,1.52973763,3.03859106,3.02874212,2.98282327,3.09096297,2.92358906,2.84769665,2.93714958,2.92809866
2.9082479,2.9529858,2.80169892,2.92251184,1.5189928,1.54191746,1.53222251,1.68715644,1.58546924,1.48661428,1.59889346,1.61085229,3.1372733,2.79196681,2.91804971,2.91084932,3.10177767,3.01064659,2.79158003,3.17025078
2.95510656,2.81108508,2.80414828,2.66510092,1.57004849,1.56903273,1.51036856,1.62884429,1.60431309,1.52583297,1.49087501,1.65206814,3.15576512,3.09519864,2.77234455,3.07962057,3.10176599,2.95640421,2.89796459,2.94186584
2.80496362,2.89791301,2.86278198,2.8342353,1.65770748,1.61568486,1.49164792,1.51681529,1.66309415,1.68474383,1.38961109,1.5460732,3.1869924,3.01917152,2.86348642,3.08602622,3.0439369,2.79632977,2.86935823,3.0326924
3.02630038,2.93515414,2.92907585,2.75435948,1.63247247,1.51083779,1.51509576,1.61781571,1.58688542,1.49186011,1.50114001,1.69932644,2.95114188,2.88584671,2.87698634,2.99582733,2.97913061,3.10957346,3.05465287,2.97301771
2.80435688,2.77349014,2.89890094,2.80328346,1.5050202,1.70802927,1.41618394,1.65548849,1.66361878,1.57451286,1.59272983,1.44620226,2.85056089,2.93623007,2.947684,2.73809025,3.07428424,3.24032022,3.07614465,3.09304458
2.92543194,2.99196213,2.99521171,2.79462895,1.56678585,1.65517111,1.52261656,1.54411054,1.62792429,1.59718135,1.53100058,1.52983091,2.97713118,3.1278689,2.84566422,2.84447937,2.97618277,3.15789694,3.06958194,2.79560929
2.99475824,2.88287743,2.81665658,2.68830257,1.60130679,1.48069383,1.54203569,1.6549422,1.56573594,1.54435826,1.49503814,1.6691715,3.06685223,3.24751683,3.07363883,3.04991364,2.92987717,2.92445078,2.84383891,2.79911972
2.86034823,2.75105141,2.71730226,2.73718813,1.47324083,1.5719463,1.57324271,1.66551129,1.4609279,1.5505552,1.63872506,1.63123515,2.98007294,2.86145746,3.11702521,2.83589531,2.99683132,3.19983629,2.91990364,3.15881989
2.96851379,2.95392926,2.78673769,2.9801013,1.60878678,1.68691963,1.43698434,1.55170573,1.67513952,1.61035255,1.53800831,1.46115013,3.01242393,3.0284765,3.18309765,3.11505099,2.86397346,2.82653116,2.87491391,2.89330435
2.73179119,2.76874132,2.683487,2.90248217,1.5626425,1.5018801,1.53868156,1.6834548,1.49976436,1.53094539,1.56025575,1.69190512,2.87862389,2.76603611,3.11906554,2.88229488,3.06311873,3.11153962,3.04279891,3.2059635
2.89421567,2.96290143,2.93735971,2.85396649,1.51930737,1.53170972,1.53695035,1.69411334,1.61901778,1.43000481,1.57780257,1.65349443,3.20854109,3.18386161,2.69344619,3.14652827,3.1649299,2.8255995,2.83211608,2.75295689
2.72346934,2.73890156,2.88223666,2.84758521,1.50703476,1.55508418,1.48486496,1.73094537,1.68076497,1.47874082,1.49637128,1.62265527,2.92068632,3.13188813,2.77765633,2.92458344,3.12313408,2.93939847,3.18021531,3.0097053
2.87849299,2.94081184,2.7280748,2.78687152,1.64472903,1.60166194,1.45822462,1.56751153,1.58049406,1.56727353,1.50064875,1.6327292,2.97442817,2.94698193,2.89774859,2.90841094,3.10387544,3.2174031,3.02506296,2.87173689
2.82583298,2.91848173,2.88936582,2.92162824,1.58925886,1.43414967,1.58440319,1.67388509,1.55695808,1.44397292,1.52324539,1.76123435,2.9374629,2.87835569,2.84559783,3.12875593,3.0239219,2.87648581,3.13443612,3.00929587
2.90735544,2.81008341,2.95373757,2.87016044,1.57039555,1.54995387,1.44446377,1.71800822,1.70469412,1.52479711,1.50252892,1.54808597,3.14425414,3.18292982,3.26978239,2.81196198,2.73494844,3.00359826,2.73925145,2.95794318
2.92298407,3.0446295,2.7859446,2.71091802,1.5124624,1.55664095,1.48989186,1.71583281,1.59285315,1.44993941,1.61990471,1.60686863,3.00043068,2.86774181,2.78971106,3.11302986,3.19978632,2.95002537,2.95800766,3.03443539
2.80085096,2.75348477,2.74343972,2.79587696,1.51953879,1.43174634,1.61834555,1.71357505,1.46192896,1.50773244,1.56565744,1.74608256,3.01725759,3.17737385,3.06330987,2.99279045,3.01859451,2.96424222,2.92579621,2.88692577
2.8600884,2.79599748,2.85744002,2.86803066,1.65877557,1.59605341,1.55862629,1.46692591,1.54535496,1.70988469,1.45112582,1.57815357,2.98960708,3.06806798,2.98113897,2.76275446,3.02931571,3.20520959,2.93835835,2.9281679
3.02330878,2.82969066,2.88893149,2.83785967,1.56132034,1.66529827,1.52851998,1.52769914,1.59308557,1.64173932,1.55206205,1.49695618,2.77753581,2.96440635,2.81269476,2.8057357,3.14797628,3.11102022,3.13775915,3.07776018
