2.83710501,2.61590962,2.8427199,2.82743896,1.46199032,1.68011777,1.55225655,1.58954713,1.51338534,1.61387044,1.64038263,1.51332838,2.96020553,3.23293416,3.41883004,3.09169538,3.12147246,3.39008246,3.37445135,3.32067118
2.75373672,2.80969639,2.95203019,2.76087579,1.59416868,1.46293683,1.55718017,1.66905786,1.53943017,1.61324172,1.49305647,1.6412531,3.25598219,3.46928102,3.14875712,3.11334242,3.37708488,3.28201298,3.09634343,3.07180978
2.81165573,2.83140931,2.69901155,2.71529128,1.54284262,1.51208848,1.53625883,1.6892888,1.46683226,1.54413917,1.60325791,1.66598056,3.08511897,3.1003889,3.25233698,3.23371651,3.39775519,3.32405336,3.2409848,3.29731804
2.6182169,2.67553625,2.75255112,2.95522961,1.54975171,1.53396785,1.55285925,1.63828094,1.49916278,1.56851097,1.53564114,1.671191,3.45194606,3.32491023,3.182077,3.40964522,3.43538378,3.03213614,3.00282803,3.16770561
2.7567388,2.7039567,2.74648502,2.92874054,1.55004531,1.72555447,1.42017298,1.58642373,1.64487824,1.63665212,1.55217216,1.4488272,3.38299693,3.36479791,3.35527613,3.17015265,3.26528465,3.24038726,2.97000057,3.14662409
2.68256812,2.68143176,2.89983622,2.81415852,1.39757758,1.685286,1.59165334,1.6070837,1.59589441,1.59496349,1.57206485,1.51021609,3.19672094,3.52962905,3.26695727,3.22527448,2.99303634,3.12089668,3.49400083,3.11532641
2.74048688,2.77455207,2.93815671,2.86790183,1.51859327,1.66879721,1.53824854,1.55471736,1.60018495,1.63859397,1.53083446,1.50954144,3.45942373,3.29847816,3.30735366,3.05589124,3.04461192,3.34466389,3.0800752,3.19803976
2.6901093,2.57538584,2.7549518,2.81748507,1.42563807,1.62525729,1.59987669,1.61878631,1.46956926,1.56217745,1.59551009,1.65669448,3.20282025,3.27763408,3.38016242,3.34357822,3.05952088,3.17147362,3.37683085,3.28647187
2.69816874,2.71140225,2.84988388,2.88861724,1.64187065,1.57541437,1.46062941,1.59393041,1.6196489,1.51217578,1.43829421,1.7097748,3.234789,3.11664269,3.00041973,3.23597991,3.33082222,3.36123772,3.39634244,3.21437155
2.56371608,2.82384191,2.78479779,2.82207178,1.42543068,1.60980601,1.60515196,1.6410453,1.46308619,1.59786759,1.65128908,1.57136385,3.24236311,3.42484374,3.47616942,3.19560777,3.03687216,3.26103693,3.35136901,3.01239293
2.68951192,2.60924539,2.70716773,2.82972181,1.53995437,1.75896539,1.52876081,1.45533584,1.56732468,1.72818067,1.47073258,1.51541998,3.53603632,3.291945,3.18172293,3.10694733,3.27268716,3.35943455,3.05640926,3.28038174
2.90412069,2.79410574,2.85534249,2.78931841,1.58173622,1.58543838,1.40940779,1.70684453,1.75445534,1.47034662,1.47677753,1.58155516,3.27617882,3.32456603,3.24755243,3.33214198,3.12701101,3.03817859,3.18940359,3.23075329
2.65184153,2.76075618,2.74676954,2.82483306,1.46665161,1.74297309,1.52250495,1.55109596,1.56769422,1.63170487,1.59161843,1.49125806,3.13756148,3.28004747,3.31715547,3.20485644,3.11713188,3.29217687,3.4782549,3.14884879
2.67551579,2.85289373,2.98899711,2.88923517,1.52316952,1.55133646,1.69071303,1.5112396,1.49294214,1.73880871,1.50409839,1.54304246,3.28790838,3.44700032,3.2111096,3.02069308,3.19422991,3.20239946,3.23646479,3.17718282
2.66801039,2.6118135,2.85144456,2.80979861,1.49974358,1.73367465,1.57949338,1.46208392,1.48574848,1.72638032,1.56455717,1.49387638,3.28519197,3.15994355,3.22498678,3.14605975,3.25952396,3.39894726,3.20885782,3.3396689
2.67971113,2.64518161,2.78705659,2.70867447,1.38883642,1.63070123,1.60380232,1.65936632,1.48731963,1.60809677,1.62408743,1.55530768,3.15761459,3.50417285,3.23938726,3.18918526,3.24349469,3.23233608,3.36540952,3.1577312
2.73830906,2.72471958,2.73107677,2.80019239,1.42303112,1.60890674,1.63259844,1.61675717,1.49855825,1.55033446,1.59693914,1.63732706,3.14731318,3.26650389,3.2014786,3.31442846,3.15913516,3.12737012,3.4891273,3.25884528
2.61653211,2.6697113,2.82108353,2.94498171,1.45709739,1.71694756,1.53487381,1.55477656,1.56141239,1.65416064,1.59034908,1.47110484,3.24442298,3.36589589,3.12778459,3.20101117,3.37042428,3.18373675,3.29502629,3.19258636
2.71136166,2.76684753,2.78461,2.81330675,1.60169488,1.6527316,1.44963363,1.57368596,1.62857967,1.64059512,1.49225597,1.52172844,3.11758205,3.29922825,3.36010317,3.3603841,3.18131757,3.07176817,3.32232355,3.19858491
2.81962772,2.80857372,2.75325039,2.72473598,1.62465946,1.58215704,1.40120574,1.67504172,1.60619796,1.50584777,1.51780655,1.64783362,3.22681948,3.22087263,3.05107844,3.21275151,3.47886358,3.42237334,3.1814931,3.10592125
2.86918384,2.69744097,2.78945634,2.80359506,1.60224904,1.58607597,1.44961603,1.64753972,1.60919781,1.49103311,1.50380935,1.67983333,3.05312816,3.24562331,2.97937578,3.34771254,3.44945782,3.22715051,3.40667218,3.15856186
2.75353732,2.69484209,2.92481154,2.84357831,1.38340911,1.72092311,1.53782187,1.63323116,1.55705324,1.55889588,1.71356844,1.45066823,3.21164449,3.33143728,3.33534518,3.13091198,3.10763615,3.34367501,3.23392552,3.15658819
2.75015531,2.71120712,2.84344635,2.69919345,1.44913137,1.65904669,1.62822155,1.54726077,1.43877625,1.62586316,1.62369015,1.59596223,3.15835257,3.09396005,3.08153628,3.31216486,3.29355733,3.32754576,3.3929962,3.30500507
2.68491712,2.72558021,2.89570362,2.72059452,1.64383043,1.57352522,1.54188156,1.52532602,1.61637017,1.68054932,1.35190982,1.63694302,3.46947783,3.1417591,3.14903139,3.26425675,3.10765445,3.18828945,3.22334224,3.42139642
2.69505013,2.7346065,2.91203057,2.68266422,1.55635541,1.50873039,1.53284716,1.68939407,1.62352539,1.58035214,1.43285134,1.64951898,3.34405111,3.43261792,3.28657958,3.09143024,3.05927013,3.28186208,3.24802759,3.22759061
2.72424566,2.8035517,2.83307573,2.76626689,1.5155105,1.51984629,1.50530893,1.74247584,1.5549318,1.46390526,1.60215811,1.66104423,3.36773985,3.36970606,3.06803826,3.2672859,3.44168897,3.26682459,3.06787004,3.03110817
2.71273443,2.66758058,2.9253233,2.711345,1.55850981,1.50792795,1.51083089,1.69897837,1.58713443,1.56430195,1.48846533,1.64648718,3.14012449,3.27965074,3.03659119,3.39934869,3.42183598,3.05556891,3.315897,3.32756898
2.61040553,2.8307126,2.73873904,2.89564849,1.57544079,1.63550773,1.51697733,1.5496329,1.61617094,1.68053893,1.46484114,1.52064604,3.06826315,3.25681629,3.38549154,3.21768553,3.11780115,3.10184413,3.51889373,3.27814758
2.90909036,2.6885662,2.77476816,2.94831251,1.54021159,1.49541251,1.64439282,1.61311112,1.46515608,1.57031421,1.55760681,1.69226445,3.1989727,3.08012636,3.1800627,3.2381579,3.3358035,3.13411953,3.16535126,3.47231398
2.6322083,2.70546718,2.80091663,2.89751692,1.47870519,1.56916189,1.50566747,1.72371269,1.61658571,1.46372761,1.54401991,1.65159612,3.45363879,3.35921897,3.270937,3.03236088,3.13977527,3.35079508,3.16971884,3.18819975
2.68960039,2.61592344,2.74350727,2.74545115,1.60735324,1.64470643,1.359451,1.65914659,1.66177244,1.5738811,1.48351767,1.56499998,3.03897188,3.35889873,3.35217564,3.3896784,3.28967578,3.16081273,3.34130043,3.17470862
2.57951942,2.77987383,2.88207893,2.83701373,1.58734154,1.57275312,1.52833612,1.58527909,1.60338372,1.64765594,1.42670208,1.60661217,3.42228849,3.35836042,2.93568554,3.3863599,3.45724218,2.98941942,3.22801984,3.17450402
2.72528617,2.80152181,2.7140506,2.94152542,1.5051461,1.5505643,1.6120534,1.61960551,1.44702041,1.54700865,1.62420252,1.661895,3.21791979,3.00621556,3.08710031,3.26056817,3.49475692,3.23178386,3.21826736,3.35451166
2.70213548,2.63684506,2.76561544,2.8457859,1.37292339,1.60119076,1.67255816,1.63499569,1.47635675,1.53560042,1.59663268,1.66957548,3.16616419,3.50488024,3.36813558,3.38943329,2.92511564,3.00022731,3.53995701,3.11714252
2.64076173,2.71997922,2.65512827,2.89092923,1.523122,1.52739637,1.60576502,1.62625259,1.47857738,1.53743854,1.52318293,1.7430274,3.24270237,3.07597797,3.15254359,3.27702167,3.33910611,3.21073596,3.39232686,3.35802808
2.7712979,2.7062793,2.78464133,2.95890241,1.45227533,1.60275404,1.63065628,1.59800772,1.47087153,1.57125086,1.6241102,1.60964524,3.20688519,3.41680434,3.32871975,3.40586894,3.13368386,3.00414876,3.27262641,3.08127133
2.70657435,2.74164786,2.75609374,2.70690254,1.52428,1.70624466,1.43173303,1.62396965,1.65517344,1.57969553,1.51491823,1.53303767,3.13913848,3.44450991,3.24719922,3.16957681,3.1523986,3.37005481,3.46343185,3.02750808
2.79241381,2.60613791,2.8547683,2.95163353,1.45531332,1.59421831,1.53971846,1.70310693,1.59911232,1.46197041,1.5803191,1.62318286,3.29602028,3.18729062,2.9884985,2.98302358,3.39363216,3.37722432,3.21805604,3.4492045
2.67498117,2.85060251,2.93421658,2.87349474,1.57853067,1.60336426,1.60073864,1.50079206,1.58280635,1.67286362,1.44333717,1.58202739,3.16942989,3.24733683,3.17653848,3.04439124,3.09385971,3.30598471,3.50289575,3.25838901
2.74244774,2.74089796,2.76507541,2.81973937,1.48360998,1.61130017,1.55899448,1.62172318,1.5439484,1.5443816,1.55420271,1.63796742,3.08456027,2.99066846,3.31713585,3.44365465,3.05104448,3.03925279,3.5222356,3.47225521
2.74477477,2.62633901,2.65033132,2.75599574,1.44052029,1.71216741,1.57994981,1.55140871,1.48854906,1.60509168,1.58019333,1.61285225,3.32215947,3.15984804,3.40404207,3.25506218,3.02327126,3.29842138,3.30172535,3.35381063
2.81740916,2.715899,2.6743668,2.77508907,1.66951898,1.62431273,1.42072888,1.5696732,1.58260864,1.64631202,1.46331703,1.59282767,3.11997185,3.27345742,3.22301284,3.07185477,3.44286494,3.46057176,3.20643102,3.17893475
2.67209693,2.83568642,2.74122688,2.78480047,1.66470771,1.58261613,1.47423532,1.56183716,1.58977982,1.60930298,1.42667744,1.65872044,3.22715414,3.01759532,3.00956194,3.22168406,3.41592471,3.33172253,3.38548821,3.33559393
2.65883023,2.63736121,2.81670221,2.83055745,1.5830913,1.53348282,1.51084425,1.64587128,1.66189498,1.56623078,1.3768388,1.67515527,3.20762045,3.35647826,3.22612426,3.17505724,3.11235004,3.13392183,3.46104419,3.35261397
2.65400794,2.68054378,2.7005288,2.71619465,1.45180275,1.76968266,1.44475959,1.61771679,1.67245852,1.62637933,1.51542803,1.46835129,3.46820644,3.18693018,3.24033283,2.97879872,3.16755053,3.42990972,3.20594084,3.45365278
2.75929865,2.79010452,2.70194413,2.74728963,1.56755054,1.64861615,1.55641107,1.51027575,1.51402128,1.71709781,1.51085308,1.54177825,3.16932379,3.26717979,3.39777274,3.02561738,3.15880806,3.41817942,3.27729343,3.24176951
2.84019424,2.62760142,2.60962813,2.86626169,1.40775002,1.692226,1.60637068,1.58631463,1.50762853,1.60835415,1.62556378,1.55942357,3.11222913,3.39983763,3.33270682,3.03642054,3.23040645,3.3003112,3.36017791,3.27282552
2.69026761,2.70516803,2.73051258,2.72421869,1.4668766,1.73362324,1.49665947,1.58713637,1.55727124,1.61474944,1.59768898,1.5115908,3.35193985,3.34703841,3.38078727,3.12718749,3.0831726,3.44619443,3.21574662,3.10355156
2.75496778,2.79107107,2.79210105,2.73593761,1.52853103,1.70188116,1.55112681,1.50052944,1.49663866,1.76165926,1.5796231,1.44410563,3.22839372,3.1809587,3.20690412,3.19138854,3.39095419,3.2690603,3.1223942,3.32310406
2.67425043,2.83464098,2.82787309,2.67327312,1.47945747,1.60626847,1.61485977,1.58805218,1.45625239,1.62783758,1.58571318,1.62137923,3.24739036,2.96493155,3.16465152,3.43880256,3.21470765,3.16134592,3.35949927,3.41792544
2.69597808,2.60937414,2.72548307,2.65809505,1.41164233,1.56424831,1.65077735,1.65633428,1.38736749,1.62831913,1.62617322,1.64098336,3.14658555,3.14297593,3.41307079,3.12508369,3.19263671,3.37104889,3.27784082,3.51318471
2.70903442,2.66291565,2.67048265,2.6708721,1.52142867,1.70085234,1.54145419,1.51609925,1.49861681,1.71406754,1.52335871,1.54285465,3.02504506,3.06609921,3.40607933,3.20542391,3.14981378,3.33318777,3.48270211,3.49369648
2.85941668,2.64156363,2.6373982,2.63186193,1.52081568,1.52471607,1.55239269,1.68987127,1.5349886,1.50745991,1.48534644,1.74915896,3.38008487,3.22148197,3.36132262,3.16858543,3.06960708,3.31235798,3.18778718,3.44619778
2.61147681,2.73569445,2.71181603,2.70892922,1.48631846,1.55455349,1.50238226,1.73995328,1.58181613,1.51623806,1.5350423,1.65253396,3.49346134,3.16810274,3.04703031,3.20839409,3.44994883,3.24458887,3.11702542,3.3917661
2.76645143,2.74676444,2.82651035,2.88246784,1.58180427,1.68345256,1.54719008,1.46630711,1.56540542,1.74131796,1.49254196,1.48581597,3.16442277,3.39315569,3.18199187,3.254545,3.2908666,3.10130493,3.28503287,3.15997439
2.81021119,2.81210659,2.7596746,2.7652368,1.60762248,1.6299606,1.45510603,1.58833404,1.63811447,1.60653418,1.46591615,1.56349161,3.25404212,3.17520799,3.33719478,3.24689706,3.12056582,3.20587324,3.22647347,3.30590429
2.72284394,2.57323531,2.71573693,2.81601759,1.60286411,1.67238792,1.5257193,1.47386889,1.53243473,1.77227875,1.44124451,1.54551982,3.256959,3.4345959,3.26328448,3.41347964,3.33434324,2.99696811,3.16466739,3.23763264
2.84147929,2.84374589,2.82613668,2.67507748,1.54576869,1.66810114,1.49486115,1.57249904,1.61270797,1.57380427,1.50384293,1.59292086,3.41137763,3.16874779,2.93343828,3.06674748,3.3189386,3.51685537,3.21620588,3.22951582
2.67679625,2.76453549,2.70434713,2.75265872,1.53166857,1.77197358,1.45519145,1.52553169,1.65506818,1.68603003,1.47780885,1.4640483,3.35653175,3.1936283,3.04518813,3.05279984,3.35872811,3.36482786,3.29919663,3.35532152
2.65254774,2.83443854,2.85613931,2.68176479,1.61185538,1.6376355,1.37876595,1.66151621,1.65455835,1.62614312,1.49888275,1.50566791,3.26633619,3.29485259,3.17973426,3.16230664,3.38723809,3.38018833,3.15446148,3.14334377
2.63740335,2.73994828,2.63862169,2.6383334,1.44136389,1.60583808,1.5882571,1.645295,1.43800782,1.65731923,1.60419377,1.58600603,3.33303989,3.21836042,3.26640696,3.47229451,3.36465526,3.03277736,3.17902522,3.34102575
2.80605765,2.78696349,2.78995441,2.70656439,1.55757739,1.55081443,1.44122434,1.7321891,1.61272674,1.56293399,1.53426965,1.57340942,2.98975617,3.10758336,3.11918791,3.09375396,3.4918196,3.30928131,3.32051572,3.47551897
2.7632722,2.7287262,2.72958893,2.67051615,1.46891817,1.50171381,1.56051426,1.75133461,1.50744342,1.47658516,1.59286922,1.70521998,3.27327273,3.47383491,3.13314901,3.18981425,3.36964787,3.3071815,3.20593231,3.07583228
2.81733455,2.74107418,2.79018962,2.76080951,1.56289974,1.64230388,1.48075959,1.59630902,1.62631383,1.53503325,1.48087165,1.64043947,3.33956804,3.25107856,2.96832701,3.42487832,3.32511046,3.11949602,3.28091245,3.18559468
2.83932913,2.80591851,2.7336269,2.63656019,1.62252731,1.60324081,1.44076243,1.61174599,1.58378301,1.62012353,1.48541146,1.58889412,3.26703859,3.22586327,3.39523447,3.13246647,3.15483342,3.43435883,3.11933171,3.2343574
2.8229138,2.63399932,2.75769703,2.75987738,1.5446464,1.65166592,1.4246433,1.66477455,1.59850135,1.55390659,1.55528418,1.57444651,3.24788864,3.29571472,3.01907355,3.05507941,3.55203539,3.46478251,3.11036467,3.24168634
2.73111842,2.7955094,2.82796803,2.7092253,1.62865642,1.61613819,1.42503282,1.6127961,1.61460928,1.64362109,1.47718706,1.54938248,3.38345697,3.16735179,3.16775622,3.22818788,3.37884794,3.3070551,3.01369142,3.27699236
2.74767373,2.79967827,2.68213156,2.85821098,1.44472605,1.56214053,1.68015074,1.59667476,1.44710111,1.57133564,1.58725609,1.67764094,3.22165236,3.13341227,3.17729494,3.20376327,3.23976617,3.20457237,3.38578795,3.34713077
2.55269611,2.72374264,2.60695387,2.68373783,1.55440196,1.52538695,1.42408348,1.77496152,1.57445884,1.54618751,1.51233079,1.64907379,3.24492352,3.162486,3.37884601,3.336309,3.38370674,3.14956458,3.24267444,3.39740028
2.70139164,2.60723074,2.75100063,2.63962029,1.62699469,1.65574696,1.52624204,1.47276184,1.53240357,1.69936013,1.40740226,1.64409589,3.191759,3.28509861,3.35988752,3.39053954,3.01016659,3.30562223,3.44918161,3.18823676
2.61532173,2.69867561,2.69986142,2.66305147,1.60539518,1.62329217,1.57511605,1.48166268,1.53073668,1.79040307,1.37074509,1.59142482,3.44834304,3.51255775,3.44080671,3.13353791,3.02516442,3.30425358,3.20053071,3.12289585
2.59618304,2.72069378,2.7506659,2.79075431,1.54184605,1.66435017,1.54083667,1.53081075,1.52626979,1.71877991,1.51368134,1.52290794,3.1257501,3.09947336,3.49641907,3.08109336,3.07785776,3.37600406,3.39321937,3.41492483
2.60156166,2.75215597,2.68730176,2.86392453,1.48395473,1.54245778,1.64005856,1.61065946,1.39777321,1.6145666,1.61099071,1.65822473,3.42188717,3.2886864,3.22128133,3.32076216,3.42810327,3.15955857,3.0657406,3.14851513
2.58335728,2.60691096,2.79757165,2.67265427,1.49550606,1.55009336,1.53501538,1.70086282,1.52087183,1.54384716,1.51997912,1.69683576,3.36021791,3.30865869,2.96706493,3.35030506,3.47489117,3.23702282,3.27739529,3.24499493
2.6567097,2.80014471,2.62626882,2.85153293,1.62384691,1.64639081,1.39817923,1.61262746,1.64718073,1.58804262,1.46693039,1.58117226,3.19286422,3.39438037,3.3211987,3.24905288,3.31074239,3.2366777,3.31320639,3.00954101
2.60668919,2.7744858,2.7058582,2.72407669,1.61363256,1.54216997,1.49400624,1.6336322,1.61693784,1.6189469,1.38692865,1.66397516,3.43188238,3.32474069,3.16172043,3.35960033,3.28365688,3.04361567,3.24161533,3.24989546
2.71669509,2.71094347,2.67497204,2.88394819,1.57356454,1.44038752,1.63012841,1.63977204,1.45456342,1.54647277,1.47838769,1.80382213,3.43174224,3.45852881,3.33742902,3.17070072,3.19281646,3.25149088,3.08998276,3.05114695
2.69316713,2.73243628,2.69108644,2.68537144,1.62949637,1.59011931,1.47021857,1.5933391,1.58309452,1.61271621,1.40969683,1.67709539,3.36120131,3.35043733,3.08411924,3.26554658,3.36811827,3.30469184,3.24266156,3.11296687
2.75935439,2.778307,2.8395314,2.67441955,1.42477703,1.68841176,1.60182136,1.57274359,1.48245295,1.66447446,1.65390967,1.48291107,3.18381127,3.2897866,3.35265489,3.20177103,3.10133358,3.30812134,3.281789,3.21244943
2.70156827,2.76798052,2.71653485,2.79681875,1.60474158,1.68646457,1.49272598,1.49925944,1.56064611,1.71245157,1.46616553,1.54303074,3.36292555,3.09763824,3.07793267,3.34087819,3.44143048,3.14763018,3.14957781,3.3506695
2.80119649,2.74406418,2.92840912,2.76063121,1.51300879,1.49986287,1.60093742,1.66944199,1.49717099,1.53200613,1.57798422,1.67524173,3.15430541,3.13102846,3.22914239,3.05232725,3.18531417,3.4379025,3.28868505,3.35119637
2.97007029,2.90517666,2.94715239,2.78910069,1.52036823,1.60648388,1.5907953,1.56174417,1.51424561,1.61115863,1.60644092,1.55188077,3.23716981,3.42666982,3.37474761,3.40299853,3.01673442,3.06063288,3.15431348,2.98345683
2.81108094,2.90988517,2.88022423,2.89800639,1.4883582,1.59338521,1.54672778,1.65115795,1.58670287,1.49535656,1.58777061,1.61269552,3.13947692,2.94415027,3.22035798,3.20336766,3.10448168,3.22801088,3.40911032,3.44648216
2.83681495,2.94268835,2.83395635,2.7039689,1.64054165,1.60278702,1.499009,1.53991411,1.58589747,1.68552699,1.47449689,1.53786374,3.0913364,3.35792894,3.283666,3.05495177,3.20389523,3.41782781,3.30149634,3.08472093
2.77917678,2.86898436,2.77690575,2.94904346,1.5708422,1.52760548,1.60901817,1.57667597,1.46488534,1.52552376,1.57160821,1.71902353,3.51337363,3.06058779,3.11453254,3.3088542,3.31281139,3.25126166,3.00446128,3.19636828
2.89983573,2.94123622,2.92412983,2.86538732,1.58143893,1.48919649,1.60097392,1.61166988,1.47020986,1.6190659,1.5716432,1.62082203,2.95453512,3.15567536,3.43752905,3.33317338,3.10759534,3.0681198,3.31358844,3.26824333
2.80283965,2.82217939,2.71227875,2.91509355,1.68312067,1.61914147,1.51986654,1.46158652,1.52145731,1.67561108,1.45665859,1.63146038,3.25999754,3.37897963,3.22486355,3.31072857,3.31701239,3.24764959,3.17342535,2.91393037
2.71744793,2.79040786,2.94612864,2.76603888,1.64458062,1.49906588,1.54092958,1.60058913,1.511335,1.56744102,1.47135663,1.7384693,3.25858552,3.33407892,3.29477008,3.11092433,3.0942798,3.54181709,3.26250186,2.95493855
2.7679466,2.80029522,2.78820778,2.6896313,1.41682451,1.65101681,1.62450749,1.59073631,1.47718317,1.6439578,1.63237809,1.53027849,3.25060595,3.19803878,3.21629961,3.15928374,3.21660828,3.28764347,3.25886998,3.34191529
2.88351904,2.94661726,2.69195367,2.83383752,1.55746482,1.5203732,1.59058463,1.60504597,1.47157608,1.58238083,1.57639909,1.65064924,3.23394766,2.95550654,3.20626336,3.48490064,3.34985319,2.96286383,3.15751565,3.43221641
2.98168447,2.8469339,2.93349857,2.82218328,1.45549873,1.64314402,1.6022871,1.58076751,1.54920272,1.58502875,1.61796557,1.53089471,3.09816024,3.08425409,3.43416517,3.12164763,2.90028638,3.25802695,3.3508913,3.41633936
2.72099637,2.86620296,2.79680802,2.71249591,1.56115161,1.67202463,1.40951306,1.64436729,1.70809082,1.56137003,1.48951072,1.52568514,3.15147839,3.2294668,3.26192263,3.15030228,3.10594163,3.32241991,3.44884312,3.23709036
2.83619878,2.74480171,2.80810656,2.89244001,1.54878116,1.4623682,1.57416965,1.69609096,1.56085158,1.48887454,1.50114305,1.73199747,2.97254238,3.14892294,3.33254579,3.00558092,3.07155968,3.34411033,3.51554916,3.40715939
2.80412741,2.78798078,2.74837661,2.67842737,1.58081626,1.66947141,1.35310547,1.67982763,1.72993187,1.53176875,1.49681723,1.5209741,3.19533538,3.159408,3.30194212,3.27013565,3.17374904,3.25638493,3.27404852,3.31772697
2.86027806,2.80047165,2.89394535,2.82641089,1.53458227,1.65743886,1.63550975,1.4556513,1.50156228,1.71669316,1.5294609,1.53511552,3.10095323,3.03026322,3.29114199,3.30986407,3.05912169,3.08808244,3.39033697,3.47422319
2.876023,2.83466184,2.7531961,2.84520853,1.61579127,1.53870195,1.55626628,1.57324826,1.57332366,1.61869832,1.43852258,1.65120451,3.39067999,3.26596316,3.21613347,2.98384701,3.20570628,3.3612895,3.09461393,3.26379325
2.89007238,2.77869261,2.81749939,2.74523851,1.55962343,1.48444536,1.6987602,1.53901962,1.42170123,1.60322131,1.51698859,1.74127186,3.28480894,3.11105499,3.15191398,3.18259186,3.18336895,3.32543207,3.2424804,3.3440263
2.71760518,2.92100755,2.93712395,2.8595544,1.61305533,1.62008228,1.56005273,1.49114075,1.52192647,1.67646329,1.51535967,1.57251769,3.26815169,3.40499054,2.96627675,3.18379698,3.4371715,3.34156001,3.23894888,2.90266747
2.93556952,2.87357457,2.7131133,2.65287197,1.60442236,1.61354326,1.49193358,1.55535827,1.60568668,1.63489749,1.45756606,1.5769495,3.17728684,3.46487919,3.30802864,3.11206001,3.12957732,3.35905284,3.29688156,3.0442025
2.87364501,2.89414614,2.84280217,2.82963748,1.49353552,1.51419748,1.71986781,1.55560593,1.43149804,1.65963623,1.57537525,1.61633872,3.28551253,3.08856331,3.21125818,2.99664142,3.23589588,3.30965238,3.12824793,3.46024308
2.76658694,2.85502003,2.93790689,2.89519129,1.7437287,1.51312555,1.50279645,1.51744932,1.5720367,1.67565063,1.40471723,1.63229691,3.27529702,3.09281889,3.31292932,3.38111404,3.17229733,3.09022702,3.11558938,3.2813018
2.88565676,2.73002364,2.88609922,2.79486332,1.57852475,1.57431251,1.54737677,1.58320779,1.61950207,1.66639583,1.44310196,1.5552406,3.3350059,3.37872189,3.20318126,2.93909375,3.20760235,3.30377562,3.09410292,3.34140472
2.96592828,2.88165316,2.93710784,2.83518576,1.59395583,1.57675156,1.48712678,1.62153744,1.64845763,1.5026093,1.49909872,1.63266024,3.41624147,3.34671932,3.18949504,3.24805207,3.10763769,3.22322871,3.07561765,3.0442121
2.98452222,2.87876163,2.8692127,2.91573729,1.58969456,1.57352154,1.50251743,1.61892565,1.61075675,1.56181713,1.52968539,1.58471858,3.24758307,3.52136607,3.34959426,3.03399195,3.0978247,3.33482115,3.1124001,2.93357843
2.80322418,2.86121479,2.85660297,2.81617736,1.51509343,1.52068439,1.55388604,1.69361043,1.5302439,1.49159874,1.60101006,1.66036014,3.32011429,3.25618715,3.38147705,3.13516587,3.06399822,3.32717395,3.1199964,3.15823723
2.94751211,2.70017926,2.98985588,2.81274075,1.61868478,1.57117935,1.42578299,1.66621978,1.67648355,1.50517707,1.49949149,1.59839532,3.3038205,3.12934436,3.18708341,3.11933571,3.21249259,3.36136634,3.07354379,3.36299568
2.99354515,2.80312738,2.82381215,2.76221579,1.54748171,1.47901439,1.64862125,1.60855863,1.4521859,1.55506371,1.57288533,1.70014886,3.23363533,3.25507843,3.05917585,3.330965,3.38340077,3.15454553,3.15103022,3.19662499
2.74445554,2.90846561,2.68749529,2.73875131,1.54877085,1.49544001,1.54738597,1.68861905,1.5717446,1.56114772,1.49339402,1.65316615,3.2809805,3.13143021,3.2131768,3.14960119,3.26398057,3.1824114,3.26876914,3.43746676
2.83188906,2.99843305,2.79261305,2.97321396,1.58461081,1.61692203,1.57719736,1.50420152,1.58504704,1.63620115,1.48472707,1.57148953,3.35399599,3.31111792,3.25653064,3.0401821,3.0802295,3.30813671,3.21566599,3.11334228
2.93857749,2.94895237,2.84217485,2.75534138,1.51347588,1.59584574,1.5809722,1.58125733,1.49336894,1.57293679,1.62384697,1.59311211,3.43329597,2.9592268,3.00725795,3.34730672,3.41675808,3.19225287,2.97647143,3.38094641
2.92644208,2.95982361,2.82446261,2.85605157,1.49487194,1.63997079,1.57291302,1.57398302,1.53008126,1.55750697,1.63721195,1.55406565,3.2275518,3.23062797,3.38946352,3.07146122,3.01875085,3.41545492,3.21068566,3.10321786
2.64324227,2.68596967,2.84146408,2.7960241,1.56591849,1.60423372,1.47410878,1.63302092,1.60605361,1.57346906,1.47181062,1.62658708,3.31722554,3.41349497,3.10127866,3.25402808,3.32229241,3.25330308,3.26277186,3.07108492
3.01798776,2.79382675,2.71923837,2.80229396,1.54969017,1.69845343,1.57322883,1.46814578,1.53605935,1.69017132,1.53342921,1.5214825,3.19792195,3.03596402,3.15366595,3.38624265,3.28039507,3.02516438,3.25316704,3.47256407
2.72514282,2.72011862,2.75926457,2.69132356,1.56456197,1.76741624,1.50154991,1.45103464,1.55598745,1.74494931,1.50202857,1.47995313,3.35845673,3.18383453,3.0968262,3.23308828,3.34711126,3.35607632,3.18497927,3.26446852
2.81645552,2.75409709,2.80105367,2.7497999,1.4635617,1.576751,1.57599622,1.66690037,1.48112325,1.61134582,1.62834306,1.56246274,2.98262044,3.22932206,3.4646071,3.03674618,3.13573339,3.36033387,3.32444915,3.34979358
2.8536987,2.79403447,2.78218301,2.95485174,1.64114082,1.57793043,1.57579715,1.49059797,1.53589579,1.64640177,1.45316374,1.65399365,3.20594288,3.38240205,3.37553207,3.04001354,3.04322725,3.3865236,3.27350301,3.0437851
2.80080812,2.68644731,2.97351595,2.72588579,1.53917206,1.54374287,1.54520055,1.6532274,1.57332258,1.55863038,1.52550049,1.6260903,3.29051779,3.10615327,3.06001265,3.37839074,3.31638255,3.10030024,3.177344,3.45100785
2.77467591,2.87275453,2.78811585,2.73531828,1.45288293,1.53629576,1.5484147,1.74585236,1.50311025,1.46280938,1.67472565,1.63979774,3.13085495,3.45104351,3.19138535,3.20274084,3.32290588,3.3498962,3.29854429,2.9224355
2.72480285,2.80194356,2.85210568,2.90896035,1.598628,1.51435908,1.52893814,1.63258822,1.52226146,1.52505315,1.54254696,1.69152355,3.24221903,2.94876635,3.34952233,3.38700436,3.14955542,3.16075632,3.19703869,3.36687718
2.92723655,2.89958742,2.83227058,2.87933796,1.57859106,1.65199313,1.5632798,1.48447763,1.54232613,1.69527852,1.54905285,1.4982535,3.31504864,3.27260534,3.44174478,3.02814431,3.04975364,3.38058002,3.03754359,3.15134183
2.74473915,2.72320436,2.68330857,2.74258585,1.66988785,1.63440483,1.41898636,1.56058517,1.62625206,1.64640536,1.41941093,1.59105287,3.1589673,3.01196113,3.24806942,3.26944462,3.30644731,3.24006703,3.31328477,3.47691995
2.71295471,2.74625373,2.71227011,2.76926588,1.53490441,1.50728629,1.46876368,1.7731043,1.56505892,1.43927424,1.5662315,1.71102687,3.19502266,3.08577453,3.3868209,3.14759676,3.1766045,3.38178035,3.27120094,3.35388975
2.78363525,2.76616552,2.88495186,2.68616011,1.45467824,1.58465292,1.54879029,1.69514938,1.49339331,1.54815214,1.66491962,1.57756107,3.02798358,3.25289885,3.21684941,3.29484046,3.31099047,3.27431307,3.3278666,3.19116101
2.76519258,2.76773692,2.90814239,2.91451406,1.53755534,1.67481692,1.56412645,1.50169908,1.55267927,1.6974047,1.53586798,1.49543227,3.35004018,3.15474571,3.22137197,3.07614418,3.21201529,3.30572748,3.1025528,3.34601743
2.85159397,2.77818566,2.62485372,2.72827799,1.5297339,1.66576563,1.38011701,1.71079374,1.68033705,1.4785799,1.55463579,1.56322303,3.42294378,3.32787444,3.29195167,3.29565031,3.27988562,3.19052169,3.01967471,3.15961452
2.65159311,2.77151122,2.76451693,2.80090284,1.53514561,1.64160889,1.54566029,1.56285855,1.546841,1.6903914,1.51706966,1.52282244,3.1077599,3.38094634,3.49080181,3.10509658,3.04325264,3.28179012,3.39973469,3.16822873
2.89595292,2.79912076,2.79517687,2.82227101,1.60430157,1.6049054,1.50199064,1.57230018,1.59413954,1.63389673,1.49106005,1.56540293,3.10924136,3.43105821,3.29238927,3.10680329,3.20420959,3.2774258,3.26793179,3.08912953
2.79544056,2.81942311,2.69938534,2.71987854,1.62780364,1.52807331,1.51388746,1.61270328,1.54049588,1.60918953,1.45837804,1.66834377,3.4055912,3.23282699,3.29385354,3.31869551,3.23691237,3.16976834,3.04735239,3.234645
2.8214159,2.67623104,2.85747765,2.67188866,1.43440372,1.63639463,1.67121757,1.53811904,1.39051094,1.63951144,1.65296327,1.59972287,3.34368096,3.16158289,3.29792511,3.35880691,3.10962132,3.26433839,3.12985838,3.30432967
2.74357487,2.91277652,2.83606173,2.70928156,1.54562865,1.5519358,1.50074186,1.68734071,1.65981925,1.53018145,1.47007724,1.62945782,3.42724237,3.25285116,3.06011198,2.98024108,3.21566172,3.40589731,3.23193387,3.28385721
2.85523878,2.8252068,2.63339295,2.71796618,1.60226881,1.56476364,1.65962839,1.452153,1.39157937,1.75742071,1.5063464,1.62649331,3.09627729,3.09759584,3.32056191,3.09772621,3.31592258,3.37254902,3.27366174,3.3857794
2.91296343,2.91382094,2.81156589,2.79488391,1.66363688,1.57258262,1.50690391,1.53163646,1.52770479,1.65908047,1.50342423,1.59296327,3.33125019,3.13068392,3.06590174,3.2452462,3.48461504,3.27921627,2.9784842,3.21520829
2.90392028,2.82261579,2.59121825,2.78797063,1.63181226,1.51564799,1.47975679,1.65480622,1.58046882,1.48752928,1.47739238,1.72909221,3.34265466,3.19919709,3.39893906,3.38304648,3.1575906,3.12950942,3.1211655,3.19940889
2.7358261,2.81545271,2.69361088,2.91317223,1.41974021,1.67279853,1.54830377,1.64275473,1.51188746,1.52717894,1.68780216,1.55748842,3.1156138,3.09413925,3.36758021,3.2486001,3.18226124,3.24071077,3.36034018,3.27188631
2.70174721,2.78277563,2.74667091,2.90980555,1.58537173,1.58087726,1.58340438,1.53334004,1.5863443,1.69328369,1.41050729,1.59346675,3.33705251,3.53000244,3.40531314,2.98915672,3.0300256,3.23998954,3.2438837,3.11760284
2.75487756,2.7852627,2.72373061,2.81645545,1.49731807,1.64737118,1.63100867,1.5071449,1.45526625,1.67751869,1.56231575,1.58811181,3.31138292,3.10046428,3.24999036,3.36811808,3.20252609,3.0939466,3.22728085,3.35397379
2.83259967,2.89279757,2.70142322,2.67860483,1.61602008,1.62167446,1.51948898,1.51304166,1.53368483,1.70380885,1.48067963,1.55963823,3.13639113,3.38951639,3.10903334,3.3920576,3.41124425,3.09553983,3.30633498,3.07440727
2.90613558,2.745806,2.83060983,2.92654834,1.55731375,1.58407939,1.4790562,1.66766024,1.58996112,1.50788802,1.58627956,1.60173948,3.08967601,2.92134154,3.11136826,3.24238085,3.41494252,3.20778844,3.23497315,3.51971927
2.78234826,2.82151685,2.86639571,2.94086611,1.48286101,1.73333784,1.54899956,1.51814948,1.57834116,1.6556737,1.6000485,1.44486258,3.14305988,3.14550125,3.19679639,3.20378815,3.2141464,3.17394175,3.33965569,3.32026357
2.7186004,2.83880329,2.81183571,2.77540688,1.56919587,1.65868365,1.47267937,1.58357361,1.63661333,1.64342148,1.48017376,1.52610566,3.5332218,3.10419002,3.0845369,3.3059069,3.33233816,3.11421705,3.0099871,3.38509696
2.70704055,2.82576412,2.6222714,2.84815653,1.44332743,1.56961991,1.60773241,1.6581667,1.44146898,1.53287556,1.66279894,1.64553833,3.20613298,3.19850378,3.19856814,3.01854065,3.43076161,3.46551918,3.26858247,3.19609606
2.91576072,2.84434691,2.7559277,2.84409718,1.62248277,1.53733681,1.55543667,1.55720351,1.54577532,1.5946036,1.4622076,1.68117595,3.39161355,3.3876452,3.06044376,3.05542062,3.36151467,3.38857177,3.07849557,3.0428255
2.68832759,2.73533857,2.80700674,2.84515296,1.68516214,1.61669565,1.47890501,1.49861276,1.60408174,1.69129872,1.38746085,1.59899738,3.35233436,3.21435918,3.29882832,3.36989382,3.153386,3.11846521,3.18089537,3.22880125
2.9152559,2.80875076,2.59526617,2.71563225,1.48680251,1.62125531,1.61769089,1.54346321,1.41695244,1.63125937,1.62641415,1.6085917,3.31511121,3.03367257,3.14496873,3.18976485,3.4740645,3.3341642,3.07994578,3.40684311
2.85075818,2.90401703,2.70804025,2.58548286,1.45875672,1.5123429,1.58544461,1.70485276,1.50469042,1.52069147,1.58142882,1.67116517,3.1239826,3.26851503,3.25821971,3.09560763,3.16178979,3.4010584,3.40571043,3.25975762
2.69053097,2.79983741,2.6806901,2.84552503,1.57111886,1.66763377,1.4701556,1.57346972,1.60012083,1.66963025,1.50504278,1.50904356,3.3628804,3.19796026,3.4523121,3.0959125,3.16286351,3.30615341,3.08775365,3.29340176
2.78127131,2.81227521,2.86853067,2.65977057,1.59630472,1.51497323,1.51074871,1.66396578,1.6545624,1.56608059,1.40620661,1.65773804,3.26688919,3.3630001,3.2644896,3.16838511,3.0365162,3.22419232,3.32929752,3.24881747
2.67447866,2.83758018,2.73718824,2.78840649,1.48251834,1.5614756,1.6646184,1.57436096,1.41545753,1.65214865,1.57488919,1.64128479,3.2672234,3.06453,3.42082219,3.30686139,3.06307898,3.12940321,3.28765627,3.4026112
2.70855655,2.65114506,2.84216685,2.83979977,1.5581817,1.64337191,1.44659461,1.63228657,1.64911536,1.60646897,1.48232392,1.533265,3.09225917,3.53645378,3.235253,2.94137161,3.25181655,3.43773912,3.37435199,3.08387499
2.7905948,2.74808261,2.75455633,2.79650372,1.53740834,1.70594413,1.52384871,1.51595158,1.58486028,1.65380176,1.51375824,1.5319174,3.24444221,3.35395094,3.27193473,3.35918068,3.1143003,3.10322759,3.31716675,3.13388609
2.84533608,2.76014583,2.65352083,2.67774678,1.46156347,1.63981241,1.67627798,1.50180472,1.36091678,1.7013006,1.63987549,1.57667232,3.00194653,3.15677719,3.20777488,3.2374981,3.37493499,3.31625346,3.40927512,3.31127933
2.90865157,2.88263249,2.88523962,2.67472992,1.6088058,1.54548654,1.50888894,1.61454129,1.56708115,1.53644908,1.51105897,1.67139887,3.33731417,3.11679555,3.11578853,3.24833011,3.23741261,3.38204936,3.13581519,3.21548254
2.78088666,2.81502536,2.67971622,2.76284677,1.43307421,1.66516359,1.63020569,1.55176059,1.45768796,1.58748839,1.61031522,1.62703023,3.32662205,2.98073722,3.29833736,3.43650394,3.05733061,3.10292178,3.32270506,3.4142001
2.83149161,2.93517042,2.67296874,2.65772804,1.46237763,1.56453517,1.55035824,1.69135907,1.49288093,1.51950566,1.64778187,1.61482394,3.18085929,3.23993849,3.2315611,3.51387197,3.31331666,3.02863315,3.25833686,3.16913863
2.88394628,2.7328182,2.85393573,2.68582511,1.47235922,1.65151953,1.60127363,1.55728422,1.4747306,1.57110399,1.62706489,1.61028685,3.35187413,3.37672602,3.32383933,3.20653392,2.99775727,3.44166997,3.17556389,3.00897625
2.76843433,2.75535038,2.73705974,2.64497059,1.46325071,1.50764721,1.6064354,1.70561959,1.49478801,1.54078898,1.56658651,1.68204441,3.19509794,3.18877488,3.14561161,3.16712103,3.30800828,3.30679005,3.32567736,3.38674185
2.82026038,2.84800694,2.68178296,2.71524879,1.46284507,1.63010269,1.63306209,1.55138953,1.40022526,1.58605792,1.66110633,1.63361124,3.26816702,3.21070169,3.39296396,3.23778324,3.08866641,3.40397441,3.23463428,3.0939944
2.73940806,2.75497839,2.59677991,2.89798873,1.56033759,1.50844079,1.553273,1.66697836,1.5626101,1.52006002,1.47294052,1.72973192,3.41324386,3.42628533,3.35002805,3.27076561,3.20717088,3.07248993,3.1324201,3.12842309
2.69694751,2.64906225,2.67213155,2.72090428,1.39186766,1.62127625,1.66319147,1.60779763,1.43716001,1.64521074,1.60415953,1.59710527,3.42663298,3.44046614,3.21915599,3.26672027,3.28487159,3.10681406,3.14031542,3.25716768
2.90309207,2.85962207,2.67664029,2.79672118,1.55036475,1.526132,1.48854297,1.71932337,1.5118835,1.51854704,1.62870854,1.61987678,2.93866875,3.00360611,3.50054233,3.40428086,3.25905177,3.07454104,3.25520778,3.41194821
2.71630216,2.80337844,2.47064463,2.5002391,1.46935309,1.57334179,1.60905198,1.59927159,1.34084912,1.67165305,1.60043199,1.66409013,3.42510848,3.31918088,3.27857312,3.42653874,3.46040983,3.24587983,3.08606614,3.16915023
2.47487287,2.61023113,2.61438239,2.68007488,1.38424142,1.76718566,1.54317955,1.5894502,1.48921158,1.65789829,1.58426636,1.54891341,3.3676138,3.31933357,3.32472252,3.50893729,3.16172778,3.09197416,3.47497925,3.21268585
2.45200978,2.6752783,2.61641393,2.57998455,1.58511467,1.67052264,1.3848064,1.64293323,1.60243528,1.72131134,1.43455387,1.52714363,3.16783313,3.05342145,3.37673343,3.25003738,3.33041947,3.34040261,3.47327409,3.52140087
2.70217159,2.58481376,2.61326826,2.62269146,1.57722368,1.62191311,1.44302053,1.64148299,1.58119424,1.5788794,1.42331598,1.70042122,3.43010482,3.38945232,3.1848052,3.16252577,3.31135496,3.45331952,3.18622502,3.19875377
2.58283352,2.58280678,2.49194713,2.56641561,1.61003926,1.70131299,1.38897779,1.5828837,1.56966581,1.69938494,1.39261881,1.61907576,3.40234906,3.0499697,3.44178469,3.13694686,3.25758989,3.53750535,3.23360229,3.53042186
2.62050532,2.47424366,2.51529227,2.57015985,1.41539544,1.63670432,1.61474244,1.61917364,1.34893171,1.6823632,1.56630763,1.68507605,3.27837006,3.33731431,3.3061459,3.50686446,3.41901167,3.11647431,3.27283062,3.40732461
2.65775004,2.7501977,2.52778523,2.51762331,1.62528785,1.63405857,1.36250191,1.66063389,1.59390014,1.58251207,1.44892641,1.63995709,3.11203184,3.06577923,3.15928811,3.5287652,3.50552127,3.21529653,3.45340627,3.36606155
2.57025245,2.47547939,2.69125602,2.73755499,1.56147721,1.71678697,1.42969371,1.56602208,1.59845429,1.70084078,1.43293902,1.54767893,3.25722163,3.53984346,3.23980502,3.1135792,3.36050527,3.39423289,3.3028247,3.18140843
2.51204296,2.62072909,2.50775584,2.70832041,1.41324974,1.58120785,1.51343229,1.7801368,1.49455888,1.50156638,1.58619217,1.69972344,3.33775948,3.06683364,3.30858913,3.25718821,3.43242201,3.24494782,3.31170097,3.53284635
2.52681419,2.59980861,2.7567792,2.64201944,1.48638851,1.507915,1.51915521,1.76607371,1.54412973,1.52011953,1.47708155,1.74364581,3.27938549,3.50057171,3.28903128,3.21068798,3.16147951,3.33507935,3.43185611,3.12605308
2.61280487,2.56752744,2.59025042,2.76870767,1.54365436,1.73111119,1.41756504,1.5879926,1.65470581,1.62184951,1.43440255,1.57306013,3.51064828,3.29541041,3.40622925,3.27711641,3.12865106,3.22764712,3.16004943,3.31177867
2.57599215,2.66076582,2.60048896,2.48335217,1.63839389,1.57528872,1.40694187,1.66437464,1.57155655,1.64957409,1.36176221,1.69787985,3.39992489,3.34134672,3.20446494,3.21052871,3.36163038,3.50582782,3.26569277,3.21922617
2.64463777,2.60477349,2.6277565,2.63346883,1.43117604,1.6350775,1.63684385,1.57996592,1.3619272,1.65281868,1.61786118,1.64963073,3.52236203,3.2201554,3.2694579,3.14713137,3.32579063,3.52428649,3.02903106,3.28352899
2.60699512,2.70735224,2.51980856,2.46944485,1.42643305,1.59497922,1.59296347,1.66100222,1.35616854,1.72527277,1.59863211,1.59999986,3.32558366,3.29825137,3.39830876,3.32976588,3.41060071,3.26716704,3.15304765,3.36056998
2.50807931,2.59826657,2.62486488,2.50497587,1.42857585,1.61773691,1.5825429,1.65654736,1.38277843,1.71167366,1.55878167,1.63052984,3.21560223,3.39876054,3.54608292,3.42802603,3.11283297,3.2391311,3.4046039,3.24283224
2.63586685,2.59840072,2.55834858,2.52021247,1.55434287,1.47245437,1.51302096,1.74371826,1.47444159,1.55698252,1.44901452,1.80111669,3.13237399,3.33438775,3.33254067,3.3854883,3.31836655,3.26551005,3.43404396,3.30428648
2.6135057,2.59946158,2.71110731,2.56905568,1.54573323,1.50004055,1.43665827,1.80069407,1.59227708,1.5121606,1.46805008,1.71320369,3.31264885,3.31339229,3.50726341,3.30744892,3.06627275,3.25816428,3.22063508,3.36115177
2.53092739,2.62474478,2.59906027,2.71860037,1.67133997,1.61781439,1.45528982,1.53777679,1.53434848,1.70207459,1.37940278,1.66540786,3.21154153,3.24277734,3.43633902,3.28660943,3.2214837,3.34406958,3.41182896,3.21895926
2.7091264,2.78038073,2.65709486,2.52707398,1.47380578,1.61256053,1.56766323,1.62611225,1.44430318,1.64715559,1.56706363,1.62053465,3.10208068,3.14333329,3.36394358,3.52621967,3.14975275,3.12032218,3.4545359,3.35400935
2.60739747,2.64570005,2.61946672,2.70691563,1.51530347,1.73384438,1.45863574,1.5741467,1.57267248,1.70046087,1.50269039,1.50804907,3.58724583,3.44621326,3.4095729,3.35968794,3.20587774,3.14674672,2.98109575,3.12994809
2.62580961,2.53765674,2.73351166,2.5263317,1.42920326,1.67771906,1.63200067,1.54689884,1.41505828,1.75641742,1.54848203,1.56092009,3.22276697,3.28691593,3.26105069,3.17593313,3.24375162,3.43396294,3.35352057,3.44558979
2.61159585,2.55262501,2.64850259,2.57971707,1.39453183,1.78816875,1.52932471,1.57025923,1.49079613,1.69740961,1.58485405,1.51018355,3.27450317,3.15963712,3.28519287,3.38928791,3.23226145,3.25240526,3.36566597,3.47287674
2.50961305,2.61440259,2.68498182,2.58363664,1.62786324,1.56328928,1.40151144,1.68970956,1.53747261,1.6506243,1.43656014,1.66015665,3.29238603,3.10989511,3.16088213,3.18352513,3.55055877,3.52207855,3.22151717,3.40051233
2.70201296,2.69995284,2.53580714,2.66670733,1.50110485,1.55081472,1.59455828,1.63230548,1.40721447,1.59389011,1.55861581,1.72346294,3.53159496,3.14943312,3.32666278,3.32166883,3.3346512,3.24558676,2.99506197,3.35405218
2.65881663,2.56354257,2.58544789,2.63058748,1.60754926,1.60837748,1.42305816,1.6455029,1.55795073,1.61480002,1.41846775,1.6935131,3.38675161,3.46418305,3.43106165,3.27139851,3.22831272,3.35257784,3.12662031,3.1281272
2.47706945,2.61880393,2.50347409,2.61310259,1.5688467,1.63175836,1.45129119,1.6309589,1.54605838,1.6777164,1.37703223,1.68175341,3.56047031,3.5492345,3.28502406,3.00736772,3.37011247,3.55741478,3.21830788,3.0641675
2.58715091,2.61974184,2.53921975,2.6895857,1.40623255,1.63571718,1.604949,1.63242174,1.37854694,1.60503077,1.63854635,1.6545125,3.40056199,3.29441578,3.36937987,3.1958372,3.34034031,3.40761837,3.17325465,3.22069942
2.65563325,2.69397911,2.72549491,2.72732382,1.60589869,1.68417658,1.50234502,1.49085274,1.58340672,1.71313434,1.41098611,1.57492939,3.28843877,2.98991876,3.04852156,3.12128048,3.36319591,3.37709975,3.36179994,3.54211266
2.76324423,2.65229126,2.50564296,2.50267943,1.45009754,1.65986662,1.55335884,1.60556993,1.39812325,1.64316197,1.59923353,1.63798804,3.28474837,3.42851378,3.59317849,3.33849732,3.07168062,3.36373898,3.22652401,3.1313949
2.64039277,2.55137733,2.6948279,2.66186646,1.41090547,1.78890711,1.58323566,1.49843758,1.4847915,1.6695759,1.55989065,1.56871768,3.13891173,3.15300866,3.08829178,3.29774444,3.24800411,3.35701587,3.62179107,3.39908526
2.7025186,2.57225347,2.50249248,2.57095959,1.5944075,1.62999596,1.39474156,1.66372922,1.59614082,1.58780438,1.39919973,1.70034484,3.31721183,3.4714475,3.34826983,3.19952776,3.29048702,3.41024019,3.26649721,3.18190026
2.61099819,2.50834657,2.67649616,2.56703288,1.40135955,1.58276132,1.63838888,1.66049534,1.34947573,1.66119321,1.62485646,1.64412643,3.20513689,3.31571992,3.26581628,3.15047966,3.43320938,3.48076124,3.2297583,3.3897156
2.54193637,2.53846894,2.53438224,2.48149381,1.30825005,1.66155333,1.56054104,1.75021686,1.4121286,1.58655095,1.65314379,1.63219342,3.35488121,3.29003148,3.25564586,3.19839994,3.40551536,3.47999595,3.31477389,3.42263416
2.74657496,2.56419094,2.7083845,2.56228726,1.68114173,1.52947335,1.43644494,1.63662425,1.57460631,1.57273548,1.38295561,1.75206862,3.14337335,3.20450525,3.21385395,3.38800691,3.28157103,3.33147437,3.36840433,3.35541024
2.72928589,2.61673439,2.53092976,2.47514357,1.42654965,1.61161402,1.53596366,1.70376458,1.43800531,1.560984,1.59186886,1.68620878,3.36133751,3.17155843,3.34954855,3.52525808,3.28341682,3.17423278,3.17894354,3.4509284
2.54337875,2.58608727,2.57187507,2.71286245,1.49788611,1.48572872,1.63720895,1.66100462,1.33409817,1.65352896,1.54733739,1.74662772,3.10908847,3.14786648,3.40596588,3.2655023,3.42261993,3.26994086,3.35242164,3.45270541
2.51776071,2.5479971,2.62377957,2.71826865,1.54598654,1.6889713,1.4271938,1.61702955,1.61240487,1.67799298,1.42222005,1.56745148,3.2338029,3.50487568,3.29179916,3.23397882,3.34427793,3.21469374,3.40025283,3.21239285
2.70258171,2.65197542,2.59685889,2.55806842,1.61394803,1.6376407,1.43981616,1.58949348,1.55071585,1.63011547,1.42389634,1.67529436,3.21305514,3.43437406,3.13640779,3.39555626,3.40082667,3.31105569,3.37683475,3.06421774
2.70993708,2.54853599,2.52553323,2.60617741,1.65141343,1.6764284,1.46538831,1.48871215,1.48895219,1.76204295,1.40747492,1.63206687,3.11857699,3.38314243,3.35556834,3.40237286,3.39482072,3.24735498,3.33013905,3.22436388
2.58817157,2.5930256,2.63117167,2.55039796,1.41197665,1.60626858,1.53466239,1.72764307,1.43399858,1.54294226,1.62765793,1.68042514,3.44383999,3.20112451,3.27641169,3.56535809,3.34072436,3.17642626,3.13886107,3.3272166
2.57281241,2.61564626,2.9730457,3.04601213,1.40327677,1.5762755,1.6593426,1.59363596,1.44555453,1.57375524,1.62680919,1.57971812,3.0466232,3.26535089,3.23987534,3.22246871,3.19841329,3.20566683,3.52903686,3.26675309
2.63716888,2.63788137,2.91182594,2.80342972,1.49443249,1.44753562,1.65258868,1.6775855,1.44693465,1.56270837,1.54669057,1.7112117,3.14492181,3.19650962,3.198181,3.18627938,3.26419208,3.27914109,3.36914914,3.36562084
2.48519395,2.6403385,2.79213419,2.79474578,1.44304786,1.54414233,1.68413454,1.60819729,1.3904216,1.67063257,1.57234923,1.61534569,3.4429855,3.55923786,3.23406978,3.09615412,3.34920403,3.32739827,3.15372976,3.04901668
2.68489,2.61956446,2.93510429,2.87344388,1.54999983,1.65071606,1.43948445,1.62656483,1.73021854,1.57486322,1.43122014,1.52493542,3.38909557,3.24681825,3.06756695,3.174945,3.28437993,3.14314673,3.19409567,3.44761806
2.57217974,2.5124554,2.9099398,2.77156288,1.42719535,1.58563316,1.64219018,1.60637952,1.41813978,1.57311302,1.59230347,1.67182784,3.52753616,3.16006345,3.26445199,3.34053421,3.1262345,3.29905797,3.12353199,3.36149131
2.59117789,2.68253002,2.92175626,2.96401246,1.35815826,1.56305174,1.63919645,1.70585506,1.55578712,1.47285199,1.6002831,1.62726873,3.28537558,3.19992953,3.01030224,2.98707091,3.26687689,3.32060617,3.4579653,3.42113259
2.62623367,2.60010828,2.8600311,3.00768759,1.52806729,1.69888033,1.44624552,1.56946131,1.69345872,1.61074453,1.46877695,1.48887497,3.19879089,3.12305335,3.22614147,3.01945076,3.19554853,3.32484882,3.38846138,3.51573568
2.55611876,2.62403408,2.83216746,2.93522181,1.42706672,1.65829021,1.62689492,1.55512248,1.51723547,1.67271475,1.54087891,1.52305698,3.22145284,3.39219308,3.13271457,3.25653482,3.31659183,3.02886247,3.41863802,3.30705675
2.68675322,2.61254208,2.89897935,2.82603,1.43156265,1.53562926,1.583117,1.71526593,1.56732127,1.50256024,1.56238633,1.6438318,3.166559,3.19259083,3.02021703,3.27492096,3.36131623,3.10074855,3.39698548,3.47119423
2.64684836,2.69044997,3.0472496,2.99487602,1.41035195,1.60979301,1.67473249,1.55491022,1.50913073,1.59849128,1.58128585,1.55705972,3.10728192,3.27142357,3.02901912,3.09537754,3.26539429,3.23317246,3.53500361,3.31267953
2.62818492,2.70782627,2.86446033,2.82530164,1.61652397,1.6320135,1.50089678,1.52287027,1.63061896,1.63008753,1.39833082,1.62229483,3.33815442,3.17831813,3.30596601,3.1850037,2.96788481,3.3308285,3.3975128,3.2698314
2.50444879,2.79289771,3.03223775,2.83970151,1.44961511,1.5907516,1.63034148,1.60993816,1.49052002,1.60379854,1.58655069,1.58572924,3.30295107,3.20331406,3.00575905,3.30768024,3.34635959,3.16406346,3.42108031,3.22429012
2.51189009,2.52888178,2.86325386,2.98735323,1.57384504,1.67071827,1.47359652,1.50118836,1.62429516,1.66739275,1.40751009,1.54797564,3.29903872,3.23764257,3.12473395,3.30412076,3.30965152,3.14406187,3.38608953,3.36894724
2.61048842,2.63969745,3.03606543,3.04089899,1.57843231,1.54704927,1.53720763,1.58977165,1.62621885,1.58397725,1.40393125,1.61413058,3.49914659,3.37119292,2.99820364,3.08789014,3.34244506,3.22637762,3.130335,3.25948726
2.6529628,2.58195492,2.8539184,2.88467357,1.47103173,1.50996904,1.60060557,1.68562551,1.56697069,1.46972966,1.5013257,1.73363428,3.47178029,3.11670364,3.19634926,3.22521736,3.07895581,3.16029193,3.24525124,3.54008913
2.55562546,2.52323025,2.8632593,2.93346075,1.57969986,1.6859962,1.54669203,1.4418094,1.56951063,1.6773472,1.39688512,1.60731324,3.40763022,3.52055085,3.2175279,3.02368762,3.09987089,3.50905386,3.35488475,3.01992324
2.52937429,2.65904909,2.86727037,3.02531682,1.41189389,1.63157464,1.57600944,1.63931636,1.50488856,1.55869571,1.63216975,1.55105867,3.18941173,3.27427061,3.24627965,3.2687797,3.28700568,3.1461343,3.37169135,3.24018948
2.6508818,2.62305883,2.83663435,2.76519077,1.36394318,1.61936371,1.67480809,1.62115902,1.47960963,1.60628331,1.59968486,1.59090808,3.44274115,3.19244248,3.08445337,3.17542773,3.26123325,3.19992352,3.2139817,3.49732713
2.62151135,2.6296523,2.87703214,2.98275489,1.54967631,1.61176378,1.49165088,1.59958841,1.62990112,1.56839765,1.46327766,1.60242976,3.42445853,3.10061417,2.97086012,3.14501582,3.44384878,3.25260898,3.16611447,3.4634167
2.67629215,2.63047983,2.93722763,3.06076487,1.47135717,1.5988754,1.67415775,1.50147534,1.46116934,1.59698285,1.55686496,1.63417968,3.38913358,3.20010649,3.10546988,3.28217477,3.2008827,3.18896783,3.24604421,3.27394549
2.58981245,2.53299816,2.8876775,2.80351266,1.42302314,1.71125142,1.60343705,1.53100309,1.53638264,1.68056608,1.53166127,1.50312358,3.4068757,3.31429054,3.28885396,3.15910118,3.07483541,3.26341304,3.26134004,3.39170271
2.63263659,2.54511006,2.89001615,2.98547689,1.63386327,1.59345341,1.45613663,1.54357717,1.65750035,1.62319577,1.3767317,1.61218959,3.46557361,3.21983316,3.273808,3.04893188,3.13158262,3.38871153,3.12252997,3.38433663
2.53656261,2.75873873,2.93088332,2.95773668,1.46014642,1.62406255,1.62400919,1.56767068,1.49193351,1.61199664,1.58106746,1.56095468,3.25124322,3.10040922,3.00511878,3.09060323,3.40831724,3.3354099,3.40323845,3.34862273
2.6996733,2.52347221,2.79690151,2.89804349,1.4565592,1.57250478,1.63003733,1.62144891,1.49522839,1.53940112,1.53698302,1.7001907,3.17730373,3.18446153,3.17526113,3.12871915,3.194563,3.30311959,3.4358942,3.47552278
2.7610441,2.5678241,3.00833213,2.98463246,1.46504658,1.63938391,1.63699713,1.52454799,1.48697133,1.62570361,1.57479025,1.55509419,3.24910122,3.09951565,3.19275253,3.13484589,3.18247667,3.28967764,3.23674434,3.49383515
2.72981525,2.59883674,2.8607293,2.8979011,1.4541116,1.55341006,1.70544872,1.56018542,1.40334036,1.6547408,1.59350616,1.61158814,3.09728061,3.43692399,3.19731188,3.19803785,3.30029574,3.18260268,3.33275735,3.2010498
2.72462303,2.70410027,2.88745028,2.9824036,1.55667199,1.59678763,1.61510141,1.49881233,1.49289398,1.69559162,1.52787994,1.5608206,3.12853569,3.52351492,3.46668525,2.98697574,3.04185842,3.37560072,3.28256425,3.01883476
2.63052472,2.57883234,2.88149875,3.00360026,1.39525182,1.69506797,1.58911289,1.5674126,1.58985257,1.5966605,1.55671026,1.52279646,3.0930803,3.15867114,3.38692989,3.19359556,2.93970458,3.12865233,3.57747963,3.52555765
2.62030714,2.44930408,2.80803538,3.06041048,1.40382602,1.55746369,1.65456227,1.64498975,1.47181388,1.55361474,1.56881538,1.64764625,3.28518835,3.54676122,3.37844074,2.98075797,3.13984134,3.32230948,3.23570043,3.28874086
2.6880733,2.62280981,2.99910664,2.93875133,1.48298216,1.68780034,1.51096421,1.56314597,1.61482707,1.57895301,1.55951066,1.51419475,3.06628001,3.374013,3.35677476,3.13739545,2.96951565,3.34594105,3.52186864,3.1228972
2.58651765,2.56837832,2.92910459,2.85284623,1.44642219,1.5503595,1.68754405,1.57919932,1.43083777,1.63493655,1.53492794,1.64349622,3.17474458,3.1437756,3.20541702,3.30150714,3.18985909,3.11995181,3.4481566,3.50087295
2.60580529,2.54503948,2.90148158,2.98768,1.4852365,1.62512765,1.59293626,1.56283817,1.50117257,1.64575457,1.53577139,1.54251566,3.12713465,3.36563918,3.35013303,3.00906154,3.19198175,3.36649347,3.34068207,3.30724931
2.58866428,2.5973212,2.99641553,2.84390498,1.52789992,1.50432395,1.53730851,1.68692835,1.55881038,1.5037107,1.51389201,1.69250684,3.34222483,3.11605764,3.01437587,3.30545382,3.36392527,3.21631857,3.2767477,3.40171363
2.73972524,2.59689705,2.90290442,2.79852189,1.44104396,1.53893633,1.66543777,1.62805863,1.52423911,1.56185833,1.52173222,1.66737225,3.30586028,3.47008862,3.09788823,3.31569333,3.15793464,3.04758517,3.34649228,3.2389405
2.5514416,2.69998436,2.8192591,2.80336561,1.5370155,1.62846473,1.44563204,1.65819416,1.67912213,1.58189304,1.44789505,1.56995858,3.29708756,3.24819779,3.31464173,3.05579948,3.08919049,3.3348863,3.39997065,3.34030709
2.64518214,2.51403159,2.9675952,2.82040419,1.5367384,1.65854524,1.49606389,1.56448651,1.5852736,1.64984852,1.48471178,1.54224938,3.39005546,3.41178342,3.07093164,3.13344474,3.35305417,3.37844306,3.13894957,3.21160911
2.55376822,2.75454709,3.00145551,3.06300537,1.62019462,1.55258359,1.51618661,1.57049001,1.61496288,1.62570251,1.41609282,1.57520697,3.28552387,3.36426463,3.45183136,2.98300603,3.00046468,3.33274426,3.29151272,3.17873661
2.7035105,2.62807424,2.82767316,2.83325423,1.43416034,1.59480757,1.6736815,1.57345915,1.41713048,1.60481475,1.61221369,1.63958935,3.34178809,3.06642947,3.09178956,3.28072395,3.33688334,3.23027274,3.19344001,3.44057941
2.51495609,2.60719089,2.87093805,2.85974621,1.41001513,1.72137061,1.54359857,1.58255289,1.54568992,1.63867344,1.58530082,1.49515506,3.1662078,3.22584984,3.0714741,3.19166134,3.36981942,3.26663291,3.50373654,3.34135996
2.64161265,2.66944663,2.88412736,2.83778226,1.44334695,1.51826941,1.73150089,1.58004203,1.40539176,1.623338,1.56943423,1.6652517,3.13175763,3.46049003,3.14771552,3.09789001,3.24764845,3.3218535,3.45813983,3.10314369
2.48791309,2.66666173,2.96209309,2.99069764,1.53672854,1.54912726,1.49987445,1.65716102,1.64727971,1.59977671,1.43604973,1.56086829,3.50360088,3.54432489,3.39397967,3.10411569,3.09276845,3.13653551,3.11601143,3.14933139
2.64456185,2.49075365,3.04658053,2.81012193,1.5347269,1.55833225,1.49449152,1.64945431,1.67157281,1.58982831,1.4220476,1.57646288,3.39641345,3.30122734,3.20552156,3.15444192,3.14483664,3.21297053,3.19207886,3.50387215
2.55907399,2.55541188,2.93271895,3.07066597,1.56187315,1.66168869,1.55414783,1.46564164,1.55599005,1.66375012,1.44819041,1.55915645,3.28444785,3.35978094,3.13918138,3.12035687,3.26804081,3.32730432,3.35236552,3.20507113
2.56626531,2.59428083,2.9769257,2.91937523,1.35511025,1.6188888,1.57830946,1.70051576,1.58008703,1.43491472,1.63643143,1.5870324,3.36134105,3.4461508,2.90422351,3.34745305,3.37062517,3.12505948,3.39104647,3.09367625
2.47697628,2.69263982,2.82637952,2.86990927,1.43299854,1.60924046,1.6336115,1.5952665,1.44208673,1.62690186,1.58843796,1.60501975,3.48855645,3.19255073,3.39822732,3.27511361,3.07707668,3.18676128,3.21018447,3.29592555
2.60957365,2.54892092,3.00028762,2.91968504,1.4682445,1.72781034,1.56692851,1.4667905,1.55524408,1.66839296,1.53612736,1.47395892,3.25445879,3.03794961,3.06082289,3.03927443,3.28977718,3.46377183,3.37330367,3.5108384
2.47937321,2.4842987,2.93436401,2.96927751,1.47942411,1.65342528,1.44396383,1.63816821,1.64831184,1.54967664,1.48074091,1.54870244,3.58220929,3.39542521,3.07246074,3.14003567,3.36492294,3.3029492,3.10525595,3.27093899
2.66255445,2.56527613,3.04338069,2.94321206,1.45728348,1.55215313,1.64494245,1.59503689,1.53228373,1.57233971,1.50743207,1.63634675,3.34751219,3.38707311,2.93842514,3.45806117,3.31849425,2.89610207,3.32172852,3.29526749
2.57210515,2.5387509,2.92188514,2.8971024,1.37260231,1.56836293,1.57437666,1.73820356,1.51848912,1.45983723,1.6413601,1.62777482,3.37270667,3.4998031,3.43322437,3.26725421,3.00539137,3.17610394,3.22119216,3.13149326
2.52344238,2.58923244,3.00576764,2.9477224,1.45666444,1.59652993,1.62277391,1.55466703,1.47639453,1.62546855,1.54204822,1.58422461,3.15311348,3.13581718,2.99359908,3.36490851,3.42535663,3.07592628,3.48469897,3.43005797
2.62354398,2.67764248,2.91928302,2.86572867,1.6126937,1.60409763,1.40607054,1.6422401,1.71914541,1.59307285,1.41672122,1.53374032,3.27571756,3.15796517,3.29924947,3.08240499,3.15050931,3.29007266,3.262106,3.43590298
2.53878913,2.61319205,2.8397176,2.89404077,1.43678582,1.47901464,1.53710375,1.79187983,1.58675991,1.42694817,1.54988079,1.69549798,3.17394154,3.22784725,3.22249464,3.11996828,3.26500453,3.23810395,3.43856613,3.42180533
2.55535998,2.65137224,2.98139192,2.95386562,1.46155318,1.54745862,1.54492373,1.68696762,1.5872418,1.51322501,1.54424187,1.60795106,3.41788058,3.02572113,3.09906028,3.19111364,3.32037786,3.17274437,3.19304901,3.56225751
2.56267392,2.51468244,2.88254251,2.86082372,1.42762173,1.56029337,1.6103247,1.66465937,1.44785277,1.53932221,1.59588046,1.66031271,3.28248706,3.49905097,3.13060897,3.49375204,3.34961695,3.04813389,3.29510096,3.07033772
2.53464442,2.61559954,2.88238924,3.00154104,1.42184651,1.59891528,1.60499452,1.62600238,1.48024446,1.48730982,1.61790371,1.65556256,3.57172314,3.31724967,3.16449132,3.23872614,3.21960942,3.31274297,3.13576618,3.09606131
2.56880291,2.71285524,2.92465659,2.79133651,1.60545682,1.6219525,1.40251999,1.63421143,1.69566469,1.56127413,1.43605056,1.58563287,3.09513524,3.34000858,3.20916267,3.20594401,3.17080909,3.32580837,3.56096198,3.10357306
2.54497788,2.67802584,2.89606169,2.96195086,1.55287754,1.63081009,1.49959358,1.56454057,1.66908756,1.57823592,1.40640535,1.61512376,3.47633221,3.34360656,2.96160002,3.32876232,3.28463715,3.06422067,3.35474975,3.19707816
2.54718458,2.45906259,2.99242742,3.0850063,1.54712696,1.5808507,1.53182291,1.52171535,1.61821762,1.61494749,1.38892614,1.60062226,3.31877716,3.48225683,3.16021774,3.0978727,3.18524594,3.27652729,3.37621473,3.26404633
2.54037552,2.58395421,2.87573079,3.0558046,1.46291537,1.70249427,1.4871731,1.59876641,1.67957753,1.5368256,1.48450048,1.5270022,3.52988647,3.6014822,3.11330101,2.92717867,3.20122655,3.42664856,3.24279691,3.03494422
2.60128004,2.63547466,2.89493743,3.02251631,1.47241058,1.58548065,1.61638274,1.56877338,1.44485979,1.572765,1.60941696,1.62881368,3.07910386,3.25360638,3.24382926,3.09801239,3.27313122,3.43241517,3.4210434,3.16221047
2.57676236,2.50464504,2.97968989,3.04764295,1.50054566,1.52950175,1.53681443,1.65782075,1.62068568,1.51715723,1.44469158,1.65118165,3.21076018,3.5590884,2.99777263,3.23093331,3.38665775,3.07967616,3.41655699,3.20447299
2.65759186,2.45266191,2.98572859,2.95494393,1.5073101,1.58861725,1.47536726,1.67108377,1.6911769,1.50366556,1.43008521,1.60950351,3.45173822,3.56637921,2.98033845,2.97992091,3.32293056,3.34710122,3.18577095,3.26338223
2.45130251,2.49421098,2.93171847,2.91760202,1.46904699,1.47540931,1.69828939,1.57786388,1.47295264,1.67158853,1.41944459,1.67292576,3.26126347,3.28580097,3.10292648,3.30995979,3.2829815,2.96499995,3.51781079,3.56157102
2.63646115,2.59353531,2.96471304,2.93857878,1.44864337,1.5495956,1.64312921,1.6148321,1.50014821,1.52521326,1.54056273,1.6854129,3.20015253,3.27476635,3.10529985,3.32196399,3.16389195,3.14500255,3.49584144,3.2657489
2.68712624,2.50576258,2.87760386,2.99507073,1.58402945,1.65487444,1.54276357,1.47145862,1.5954946,1.68557969,1.41256589,1.56646911,3.26491709,3.3709677,3.17517138,3.21383752,3.21121806,3.16533108,3.30102071,3.33096684
2.47929638,2.47400692,3.12961797,2.88519462,1.5560009,1.49340093,1.52439348,1.61225443,1.60882635,1.66725827,1.38026108,1.58373735,3.36186779,3.42814579,3.24536937,3.21352866,3.24007687,3.11395779,3.24342805,3.40631324
2.60626745,2.58783834,2.81631961,2.90004895,1.514941,1.6675044,1.47955682,1.60153601,1.67238983,1.59568194,1.44513091,1.5553707,3.15588906,3.37592165,3.26996671,3.00346127,3.09924286,3.35019919,3.52464539,3.29986501
2.56108734,2.5881223,2.85668025,2.8373366,1.44333549,1.75009797,1.52991684,1.54664797,1.56504254,1.62951351,1.55468543,1.50822846,3.29766617,3.46866795,3.02569284,3.27881261,3.32577498,3.24822002,3.4253264,3.05580732
2.53797607,2.50007876,3.10016313,2.97372768,1.55892607,1.53564066,1.54611201,1.58227909,1.62813594,1.56354282,1.36591743,1.64519439,3.33688435,3.47347797,2.93295885,3.12339495,3.32330839,3.26335134,3.44348786,3.23473714
2.44695856,2.73618527,2.91614659,2.92410757,1.55796173,1.65499563,1.40376488,1.6031652,1.69969208,1.57650374,1.46832012,1.52967506,3.23683314,3.28593387,3.23588246,3.13119048,3.17553026,3.33901189,3.52897158,3.14631516
2.69125524,2.52409598,2.90036046,3.00138849,1.38751726,1.6554418,1.60318797,1.61197823,1.5170168,1.53064538,1.63714797,1.5715357,3.3047516,3.26773093,3.04061996,3.48423779,3.3491411,2.96209562,3.24605998,3.34247014
2.69785016,2.63070235,2.86549109,2.90817568,1.45612972,1.60974187,1.61413699,1.60002633,1.52727577,1.6205069,1.54054544,1.57220402,3.08261468,3.33864696,3.31139781,3.41327062,3.10127085,2.89417287,3.4594614,3.34582956
2.54824851,2.50048508,2.81199622,2.87204534,1.51892584,1.5219642,1.55412941,1.66263148,1.51632433,1.55602927,1.48616765,1.705617,3.44874048,3.1865414,3.11282599,3.43708187,3.40293646,3.03034072,3.13939004,3.47194059
2.56658813,2.51636614,2.84802885,3.0544365,1.48247196,1.77020526,1.4546137,1.52394105,1.62402805,1.61104948,1.53841272,1.48060509,3.44828341,3.35529516,3.12129675,3.2798507,3.33802018,3.2225379,3.16505507,3.19551144
2.55296934,2.57377298,2.86847428,2.79816149,1.57503459,1.53145102,1.50233588,1.66064232,1.5974186,1.53474828,1.41514751,1.71447936,3.14642267,3.1818832,3.02013189,3.28902755,3.34259827,3.23802913,3.56875319,3.38069935
2.65496497,2.63829179,2.92757671,2.87760832,1.47895088,1.69671297,1.43743216,1.65287452,1.77212421,1.54877901,1.47142353,1.46315319,3.4594222,3.21907439,3.25292741,3.22647622,3.06195214,3.05077314,3.19043247,3.50061293
2.59641527,2.6310576,2.89895232,3.04378759,1.52082909,1.50919636,1.55478852,1.6761587,1.59291412,1.50681334,1.48042501,1.66846061,3.37977566,3.26988962,3.2894174,3.03655166,3.12711914,3.27102283,3.22369542,3.37384775
2.54626444,2.51691992,3.09853396,2.95460123,1.59285521,1.48143225,1.49936781,1.63509905,1.61747584,1.5386291,1.39261218,1.65916249,3.46422043,3.1161146,3.34535521,3.01261958,3.02589855,3.41565556,3.18649022,3.53228692
2.476747,2.53687172,2.95191445,3.0155474,1.49861178,1.48488995,1.54020321,1.70031976,1.58351373,1.52323687,1.45891468,1.64334317,3.30584934,3.57442431,3.18960899,3.14802612,3.34243365,3.14013215,3.28139332,3.18663045
2.60566516,2.57789298,2.99579645,2.99287568,1.39223642,1.55956176,1.70695604,1.59691195,1.46361405,1.57654152,1.57667281,1.58763664,3.47818074,3.40439801,3.33807481,3.14108734,3.01370089,3.14802496,3.15400613,3.31891598
2.83393753,2.88723918,3.01753735,2.97928649,1.4644926,1.69055595,1.62009375,1.50447188,1.54766303,1.60010402,1.60820801,1.5262467,3.38378251,3.12646657,3.05249155,3.16589902,3.17347206,3.26069106,3.20891739,3.25179628
2.86682083,2.8891226,2.90149026,3.05109213,1.61959483,1.55489019,1.54002968,1.56860997,1.66125913,1.56657313,1.4210034,1.63245222,3.45573737,3.21920033,2.96377897,2.96327806,3.2961232,3.32547464,3.12015895,3.28167761
2.87699799,2.89789403,3.0497378,3.05151465,1.55985387,1.71080786,1.58379354,1.42192746,1.58861493,1.66841589,1.5218718,1.49096644,3.36676442,3.08923109,3.13796687,3.16884419,3.09388756,3.247729,3.1939468,3.2793117
2.75573315,2.83915996,3.02957694,2.97943075,1.68062269,1.5789043,1.55244285,1.46770714,1.5417326,1.66414295,1.46415792,1.59383301,3.04873086,3.16731876,3.46335926,3.06456819,2.95524429,3.43989176,3.39486594,3.1527422
2.79713471,2.83434642,2.87511458,3.00690291,1.55436217,1.5813234,1.4841306,1.66013556,1.69057104,1.49254165,1.49702413,1.59735272,3.34847496,3.43020275,3.24254976,3.20509992,3.12107149,3.10829419,3.16941919,3.07572269
3.0280268,2.89208078,2.93000026,3.00987202,1.53461042,1.56565679,1.60031018,1.58407768,1.50111703,1.61234215,1.62430637,1.54858382,2.99353598,3.44265708,3.39422711,3.12785614,3.12092846,3.2132892,3.2660245,3.00999166
2.81968106,2.79110348,2.92871405,2.89673913,1.45023098,1.63444802,1.55076114,1.64460696,1.51151689,1.53726486,1.69944437,1.53365607,3.27439722,3.19264001,3.34907076,3.31081077,3.14971688,3.17702176,3.0749001,3.1958911
2.80652435,2.88330067,2.9548626,3.03890228,1.53634443,1.64495511,1.47510852,1.61752451,1.72516037,1.52549657,1.5046453,1.51421302,3.51187036,3.01571814,3.12700535,3.07522313,3.15200805,3.21112718,3.05753409,3.49045757
3.02312118,2.98779187,3.02395127,3.09129644,1.49000978,1.65991955,1.53857772,1.59125583,1.62689505,1.56250649,1.62767739,1.46432915,3.22032798,3.26391327,3.262703,2.95402389,3.10236938,3.36215458,3.16526414,3.16899476
2.94022879,2.68467851,2.96424556,3.04474802,1.49977789,1.5206334,1.73179791,1.51957272,1.47740108,1.62993324,1.54286193,1.61028796,3.20539172,3.40697956,3.03360152,3.12547723,3.28438115,3.13092635,3.26434457,3.2455958
2.97432745,2.82035328,3.0484956,3.03885399,1.5866871,1.56888661,1.49592736,1.6134138,1.67207437,1.50876226,1.50575276,1.58091604,3.32040634,3.31367924,3.21402141,3.28783905,3.10344733,3.066743,3.11947637,3.15169929
3.0340452,2.81790151,2.97388915,2.92557572,1.50976853,1.73776952,1.57394423,1.46148382,1.51400038,1.67808371,1.66147065,1.43093124,3.19932672,3.11192982,3.09911359,3.14554094,3.35874002,3.33701248,3.10357968,3.2551927
2.87457686,2.84575165,3.02112677,2.87171646,1.56317069,1.56688852,1.63387012,1.51842488,1.49098248,1.66899997,1.54319256,1.57870112,3.01111807,3.18891521,3.31320389,3.44765073,3.07795816,2.94831068,3.3942661,3.27155559
2.75234875,3.02052171,3.0029698,2.91591342,1.58839215,1.61950171,1.62305197,1.45332635,1.47284716,1.70398302,1.57045679,1.5350636,3.35576251,3.32301596,3.43043251,3.27163004,2.99456494,3.21453861,3.08509339,2.97196871
2.81114896,2.84060472,2.97237098,3.13417527,1.51068226,1.69030298,1.48259423,1.58082058,1.60501836,1.59670181,1.64683848,1.42297109,3.17611429,3.24427067,3.38341859,3.35402332,3.15471503,3.047554,3.12343489,3.15845195
2.98833421,3.05336236,2.9029392,3.01914225,1.54996593,1.52735844,1.62663479,1.57405667,1.4760428,1.59488807,1.61618529,1.59498988,3.1998064,3.12921952,3.00301005,3.27925612,3.49438443,3.11188201,3.09957778,3.23127323
2.96537072,2.95065076,2.94478752,2.97255107,1.59277906,1.44900506,1.69235901,1.54850033,1.48281372,1.59501064,1.4987293,1.70350184,3.45862507,3.22431574,2.99144682,3.2517801,3.32911087,3.10041054,3.00653577,3.20639561
2.81379345,2.71662033,2.87487395,3.00681243,1.47021842,1.58243176,1.61239721,1.61395811,1.5623544,1.51644402,1.55308691,1.64837568,3.20410576,3.30283283,3.22269864,3.43149313,3.06031887,2.92048997,3.38495008,3.23749259
2.92559452,3.00131073,2.96433478,2.95205216,1.67334747,1.52067344,1.55045499,1.53748745,1.61731684,1.53549501,1.43274197,1.69642983,3.221913,3.30049854,2.95976114,3.35333586,3.28344729,3.11048267,3.32771211,3.01301398
2.93512618,2.99697223,3.05531553,3.05568405,1.54284072,1.58479115,1.51023451,1.6358429,1.63093882,1.47468248,1.58697879,1.59113314,3.34253156,3.16268796,2.97929174,3.39114554,3.33996866,3.02071304,3.11115442,3.18089393
2.86534745,2.98215947,3.10652675,2.87852005,1.60885079,1.54716747,1.54326201,1.59039224,1.61701551,1.57307595,1.49747392,1.60759484,3.47034929,3.24494532,3.14552917,3.35878693,3.17666774,3.06073193,2.99780046,3.13953226
2.80278475,2.88108675,2.90711098,2.87538876,1.69307763,1.51887505,1.57045044,1.50006572,1.50372328,1.69270302,1.43764743,1.64995487,3.38145767,3.28332461,3.06831943,3.44323623,3.40337161,3.03607478,3.01121983,3.07722989
2.9821698,2.90476347,2.93928887,2.99953225,1.5810567,1.65109742,1.5678485,1.48410706,1.56252095,1.68180659,1.54882243,1.49241818,3.09747133,3.143543,2.96022802,2.9144764,3.48101541,3.42291777,3.24336436,3.30935692
2.9468739,2.93069645,3.01902326,2.93194398,1.61222371,1.45613185,1.62599644,1.58976371,1.52554435,1.61005578,1.49998394,1.64647263,3.28223596,3.05015922,3.17208954,3.10362988,3.24228642,3.21409829,3.07530752,3.43164042
2.84801948,2.79864173,2.98964983,2.86787673,1.53868824,1.64219915,1.59429301,1.49834981,1.55380918,1.63630542,1.53230005,1.55990185,3.13038749,3.09230282,3.29660943,3.31966564,2.97939584,3.14635296,3.41104154,3.3268052
2.85687699,2.86715999,3.06098478,2.93361124,1.50652875,1.62814204,1.6935249,1.45310587,1.49011629,1.66865184,1.55934739,1.55937749,3.2968615,3.15232674,3.07719485,3.1794532,3.15777755,3.22077866,3.2676057,3.27318769
2.83238799,2.88536513,2.96056329,3.06672609,1.66957747,1.50771969,1.57412567,1.5252063,1.62858617,1.58488067,1.38784172,1.6775448,3.26254459,3.22821411,3.08687137,3.16597992,3.16777056,3.153631,3.31518363,3.2404084
3.07423428,2.85102836,3.00202438,2.9240343,1.6097677,1.51018612,1.57836831,1.58603588,1.57591202,1.52540069,1.49662684,1.68468403,3.15999915,3.22855448,3.13551547,3.42187366,3.14352573,2.99449901,3.30807326,3.19016352
2.76621373,2.88953083,2.90590492,2.92010582,1.64891309,1.55346653,1.45278767,1.61701296,1.65177437,1.61724666,1.47173249,1.54278834,3.13031191,2.96855948,3.41766095,3.08773819,3.11357988,3.24784103,3.22612313,3.51812315
2.83555653,2.98194956,2.93463475,2.8685842,1.57042871,1.53048963,1.45954355,1.72383594,1.6137315,1.47409931,1.59546153,1.6012271,3.21075276,3.28043858,3.318921,3.19208842,3.18760691,3.2638838,3.12086585,3.074896
2.88951388,2.91697992,2.98895309,3.02479686,1.60189086,1.6348685,1.46813634,1.5745839,1.67499406,1.59817632,1.50473629,1.49923762,3.2322319,3.21924339,3.18912976,3.0664474,3.20933456,3.2661635,3.16716258,3.22777747
2.86252165,2.81726719,2.91936742,3.11086138,1.45680855,1.58216144,1.60514272,1.62841748,1.53858984,1.5148743,1.64333649,1.59007366,3.2647719,3.11252983,3.34092098,3.30395716,3.06774181,3.04640588,3.15946528,3.35356165
2.90785233,2.84533433,3.03871468,2.93984058,1.52012259,1.59855702,1.60894579,1.54621672,1.48037744,1.6105503,1.6261949,1.56536241,2.9882443,3.28772634,3.29898213,3.40513412,3.11784335,3.07008617,3.37767145,3.06977199
2.95474694,2.89086526,3.03637501,2.92629959,1.68476231,1.54185506,1.5457443,1.51197466,1.60077883,1.68314935,1.43503564,1.56052129,3.05509358,3.33138604,3.33089885,3.30696735,3.09844963,3.02061859,3.28351345,3.15954772
2.82383021,2.94431305,2.91546315,2.99244739,1.55824913,1.50883157,1.58901788,1.62220931,1.51216778,1.5510897,1.57897239,1.64026724,3.04183573,3.25693393,3.38235269,3.44572477,3.09217189,2.95453948,3.33330855,3.12045587
2.83016776,2.70140411,2.95424816,2.97738032,1.47671844,1.46816694,1.71860656,1.61099386,1.43705632,1.58855246,1.59018301,1.64763274,3.2145851,3.40220333,3.12842689,3.12389054,3.31251222,3.16696006,3.17938918,3.21596333
2.90158483,2.91663447,2.90146435,3.07635685,1.57971177,1.56536095,1.57035884,1.56602666,1.56909325,1.60280882,1.53312774,1.57967542,3.41292366,2.9676489,3.04590287,3.35304182,3.41050733,2.99009637,2.95224412,3.46290124
3.00531118,2.94953321,3.05667104,2.97878798,1.52859115,1.59040112,1.59365707,1.56936476,1.54837545,1.63829367,1.59447522,1.50057629,3.05806875,3.00405803,3.30858424,3.13595163,3.14855719,3.15487121,3.23457555,3.48483316
2.91585274,2.95445902,2.98432199,2.96260754,1.50650246,1.62543685,1.44844273,1.7007082,1.75752512,1.44784255,1.55084858,1.52112659,3.34609327,3.42423867,2.95515044,3.26628821,3.33933717,2.99956309,3.15085196,3.09298927
2.81460206,2.90570391,3.08438256,3.02636631,1.49579054,1.68036182,1.61519522,1.48504436,1.49489708,1.62094506,1.65772339,1.49588464,3.13204517,3.17115356,3.23737864,3.19735396,3.13216529,3.28104053,3.3166765,3.13304238
2.85336367,2.79602393,2.68158685,2.70534112,1.4792198,1.54606957,1.55294664,1.69824213,1.51539737,1.48353034,1.59109126,1.69195533,3.09113994,3.09723068,3.16248894,3.10532362,3.29696788,3.42371484,3.41516661,3.35327869
2.93532996,2.87248524,2.81734943,2.68384873,1.60455735,1.64647155,1.46804689,1.55124599,1.59055773,1.63845661,1.52802454,1.52176909,3.23372305,3.38833376,3.03697571,3.32824483,3.44842378,3.19955435,3.12833774,3.04113586
2.85135502,2.81705924,2.70665228,2.6569534,1.5114276,1.66484836,1.52473271,1.57974379,1.4760096,1.58975693,1.61984248,1.58779484,2.99082727,3.04154904,3.4980182,3.37053767,3.01293096,3.30955749,3.44844694,3.28458202
2.90493492,3.02587867,2.78847044,2.74508316,1.61650698,1.69255464,1.39768516,1.57132897,1.61390104,1.56743742,1.58264764,1.5054007,3.18749213,3.02730609,3.20634006,3.32349439,3.30289343,3.34391194,3.18187819,3.17474608
2.82622995,2.83066097,2.65088344,2.82436766,1.59559922,1.6275212,1.6031988,1.45778919,1.43636061,1.72085218,1.54912579,1.57392298,3.04440193,3.27903641,3.15430984,3.29649574,3.46771679,3.1942204,3.34099299,3.11957339
2.79470084,2.91052635,2.69843829,2.64880417,1.58751634,1.70916085,1.47231029,1.50950185,1.53428632,1.71235724,1.54429152,1.480112,3.2811078,3.04382057,3.24580899,3.45459836,3.32780944,3.15463236,3.13042761,3.31683236
2.92397925,2.84732123,2.7488221,2.8836126,1.58748872,1.53360698,1.53865306,1.62399159,1.558293,1.54072014,1.52837622,1.65615304,3.2138013,3.04707496,3.07203194,3.30574916,3.40478408,3.10818418,3.20023268,3.3903591
2.98337679,2.86952894,2.81052733,2.76563585,1.5758299,1.52568615,1.53097801,1.64736301,1.60120142,1.53919392,1.49897351,1.63703872,3.24070192,3.34570124,3.13073779,3.36776586,3.285335,2.99936086,3.18075136,3.18741926
2.73156252,2.77841548,2.77358732,2.87169905,1.47333951,1.52905614,1.5834419,1.69780224,1.5005266,1.53920122,1.59981404,1.63974654,3.08616839,3.28266024,3.36237878,3.20713656,3.18801642,3.16455833,3.33786418,3.24090643
2.97859625,2.79458155,2.84349421,2.9615303,1.55886636,1.6491397,1.48925258,1.58570688,1.60150483,1.60176438,1.58157158,1.50445804,3.1532375,3.48491971,3.2558962,3.1278861,3.27850789,3.25543699,3.13633641,2.98628909
2.76290515,2.84381013,2.78091367,2.87945698,1.62160864,1.50504024,1.5397319,1.61704755,1.55646215,1.58948157,1.48335564,1.65232784,3.16199689,3.5099074,3.13832178,3.25390322,3.4065353,3.14469903,3.24179175,2.9463051
2.84941046,2.85520515,2.66241178,2.78674731,1.6085021,1.60813387,1.39924003,1.66302721,1.60584123,1.50456977,1.57045082,1.59939449,3.40548898,3.01723754,3.42653423,3.044588,3.19327317,3.5501909,2.96176604,3.2841089
2.90136171,2.88347831,2.80505429,2.71377232,1.64805335,1.56080498,1.42478959,1.64973557,1.61107808,1.51720074,1.50039727,1.64126472,3.28691204,3.21688255,3.22102795,3.25010211,3.25574253,3.36416337,3.10651114,3.10334048
2.81458313,2.95751313,2.81661744,2.76031753,1.64200584,1.46035048,1.59644718,1.58602125,1.51808078,1.63717199,1.44088549,1.68308255,3.42788742,3.1801146,3.34881739,3.35962291,3.07955432,3.03262975,3.04466525,3.29978596
2.89901718,2.86051637,2.70895973,2.73114382,1.62020162,1.56401981,1.47037044,1.61514903,1.60213293,1.57761107,1.46587679,1.63477577,3.31919262,3.31988521,3.21688585,3.11915006,3.26703579,3.34776801,3.12531605,3.14241108
2.86101207,2.86006848,2.86840792,2.81497743,1.52194738,1.54026316,1.66343821,1.55753535,1.42286156,1.55793983,1.6055249,1.69761371,3.4210401,3.0674129,3.13508645,3.39441829,3.21079472,3.18550123,3.08677645,3.23161981
2.94736333,3.00039976,2.82056327,2.67210069,1.57319838,1.56526702,1.47050662,1.66814722,1.60632596,1.46734918,1.5539996,1.63306862,3.36458039,3.16140609,3.30595451,3.23059457,3.05215251,3.37366733,3.11929122,3.1616989
2.88842391,3.00265685,2.76696726,2.81183726,1.62814738,1.57919231,1.45458026,1.61750175,1.60390871,1.61619522,1.51837504,1.537088,3.15843208,3.14470578,3.55413536,2.93826192,3.03492177,3.47147329,3.14568355,3.27720775
2.83185045,2.87312473,2.87614768,2.84279136,1.53762187,1.51465059,1.62797799,1.60121947,1.4751475,1.56320611,1.56858558,1.6756388,3.37934691,3.31512632,3.33885352,3.34186661,3.05699524,3.10570831,3.08760826,3.09613315
2.97230474,2.74480338,2.71243367,2.90923392,1.5411103,1.66388431,1.57836525,1.50941047,1.49149889,1.60323789,1.59424257,1.60699439,3.03766761,3.01480971,3.42032274,3.23111473,3.06767497,3.29968659,3.375895,3.35097408
2.76188284,2.93344526,2.67380434,2.83109058,1.69651021,1.58547809,1.46752084,1.52421848,1.61197372,1.67230419,1.40615676,1.59221932,3.21536812,3.32488918,3.39112212,3.14067593,3.15264757,3.28480182,3.26770883,3.09393512
2.79524076,2.85658794,2.8280031,2.86249229,1.4427462,1.74511217,1.50629014,1.58921591,1.59541128,1.55046659,1.65569383,1.48105419,3.36475264,2.99992591,3.37989791,3.51875562,2.99141924,2.99661498,3.17000842,3.34189552
2.73787387,2.72789592,2.82518678,2.70151516,1.64464993,1.61221298,1.56176927,1.46480982,1.51188714,1.72503753,1.42489043,1.62098364,3.22975573,3.30267055,3.24378494,3.32728619,3.1554779,3.23949759,3.31224843,3.15500135
2.83797196,2.81709019,2.84904621,2.8367509,1.58069657,1.65830404,1.55106951,1.49104913,1.51680432,1.68310052,1.54886189,1.53452798,2.98156457,3.0552504,3.14389619,3.29492161,3.33553303,3.20983842,3.41003832,3.32745254
2.85639037,2.7570466,2.78209617,2.72116138,1.5987471,1.66329231,1.55108392,1.46906333,1.56186314,1.6980209,1.44772722,1.57498439,3.3220347,3.19371189,2.99858567,3.21301888,3.34895933,3.26256845,3.22693833,3.32344236
2.89994445,2.77992782,2.75394399,2.70753464,1.56336251,1.55821637,1.48702937,1.67484301,1.6099414,1.57487183,1.49939833,1.59433788,3.43759737,3.37585288,3.3251199,3.2673565,3.20858442,3.0961119,2.92882503,3.24628191
2.97709017,2.8526556,2.66445137,2.89932663,1.65711927,1.57279562,1.49053245,1.56080898,1.61427306,1.55098656,1.44708397,1.67294426,3.14619615,3.10201292,3.11893431,3.05982478,3.30950297,3.39381305,3.35865885,3.2893819
2.8533237,2.8026428,2.82826516,2.81023705,1.65998993,1.52667549,1.4273259,1.66924154,1.65958158,1.54412416,1.44266709,1.63680951,3.17505509,3.30538372,3.20085828,3.1257882,3.29469006,3.29221049,3.20373286,3.18630934
2.78722611,2.86582515,2.71766994,2.69831972,1.44944194,1.63444189,1.62076102,1.56755464,1.41931838,1.64600293,1.66566808,1.55297108,3.18763567,3.24469972,3.21771848,3.45784101,3.29194844,3.09508777,3.27917549,3.15232798
2.85550518,2.79251687,2.66109122,2.7135108,1.54402136,1.71672843,1.56945822,1.4438513,1.46193013,1.73207638,1.57370869,1.51572717,3.26961786,3.2741475,3.26624072,3.346984,3.27476331,3.22544499,3.171829,3.12887649
2.92981464,2.90607117,2.6528836,2.81416029,1.5471932,1.6624829,1.48014153,1.58689656,1.60627117,1.61211351,1.54017047,1.5152162,3.37647406,3.15865441,3.31118169,2.96557754,3.23313663,3.41224685,3.03839103,3.32144539
2.90736045,2.87576494,2.58651271,2.65507638,1.66560891,1.54510756,1.39164654,1.66972402,1.60309723,1.51449392,1.4813199,1.654589,2.95483635,3.01410635,3.3995637,3.18101293,3.22274642,3.43285165,3.44818099,3.35045543
2.85773333,2.79876388,2.75086971,2.91146642,1.60147604,1.63993743,1.49803972,1.54410541,1.62109453,1.61772436,1.47437756,1.57303578,3.00351707,3.46549461,3.21337074,3.00962315,3.23865694,3.38218655,3.46088783,3.00840689
2.99910471,2.95863165,2.85948732,2.74462814,1.5805822,1.56773132,1.59309086,1.53060135,1.47403019,1.69693802,1.57501955,1.53136913,2.96776824,3.39265356,3.44030835,3.22011737,3.12380515,3.1960641,3.27822775,3.07532417
2.82668823,2.88220561,2.6867413,2.87398044,1.62878879,1.57983369,1.43163831,1.64304509,1.66417326,1.56378775,1.47717549,1.57598322,3.18194967,3.27385793,3.44952434,3.26375886,3.13089894,3.11277498,3.21411528,3.18920957
2.85913072,2.90262745,2.7171005,2.67341318,1.63094057,1.52484356,1.47369631,1.64036087,1.58419702,1.60442059,1.46804893,1.62050123,3.21460424,3.28837227,3.29722662,3.28564624,3.26060655,3.17014239,3.168683,3.20777094
2.81071557,2.91880692,2.85018212,2.93628703,1.52396991,1.48254039,1.59620205,1.67849616,1.51181569,1.48027911,1.60259639,1.68682606,3.36559847,3.41029224,3.02167804,3.05450542,3.4264214,3.36349541,3.07128189,2.97399547
2.88312436,2.96384251,2.73718322,2.65422821,1.60843877,1.63126481,1.4053364,1.62446442,1.61605886,1.56774482,1.53421056,1.55878868,3.23119846,3.20393972,3.1920191,3.22035509,3.32449615,3.39821023,3.16762018,3.12665426
2.96441285,2.89587288,2.75835504,2.84218234,1.48320748,1.65002937,1.60113944,1.54199516,1.4986225,1.60727705,1.6318523,1.54073183,2.92247574,3.21620851,3.07214929,3.26740424,3.36099438,3.17748423,3.5148613,3.18754475
2.902372,2.86044241,2.70863301,2.73968567,1.45215878,1.5348042,1.71017929,1.57986566,1.41986281,1.58882133,1.60701429,1.66232184,3.25910709,3.01681719,3.22578676,3.07470311,3.19705825,3.32156358,3.24396369,3.508833
2.48258087,2.62219644,2.74165931,2.79950291,1.63184075,1.6148063,1.41585624,1.58979046,1.67320801,1.61719363,1.35668822,1.63464077,3.39271028,3.30608758,3.3904229,3.45352066,3.08349087,3.0507707,3.35460116,3.23267794
2.59293143,2.64208006,2.78384309,2.78790902,1.57568919,1.65121497,1.42023936,1.63017135,1.6453681,1.63885664,1.45339167,1.53602233,3.33553925,3.40386759,3.28501179,3.19607913,3.28016564,3.23548799,3.17615799,3.19960521
2.52380898,2.64143153,2.72714088,2.94195701,1.57098372,1.68576764,1.45741546,1.55770249,1.65239427,1.62459065,1.4093446,1.57477426,3.60664897,3.084536,3.06726522,3.32515547,3.37248216,3.0889381,3.13806991,3.46625692
2.4776216,2.60333667,2.86254473,2.79434618,1.62890452,1.61922179,1.54343508,1.47027834,1.50520843,1.77670194,1.39675291,1.57870564,3.36526233,3.33232422,3.14656013,3.12201407,3.40117055,3.41306215,3.23979642,3.19571932
2.55805317,2.47173325,2.89706295,2.84530498,1.39329664,1.58407753,1.55917992,1.71674928,1.54551866,1.47518216,1.57754317,1.64855555,3.30871955,3.45649121,3.0605328,3.30948667,3.32840914,3.19219435,3.36057831,3.21117109
2.60236641,2.49933086,2.8073206,2.87447729,1.39074993,1.60432216,1.60624009,1.65316081,1.50203814,1.52398924,1.56351357,1.68142328,3.22353457,3.22230722,3.33162702,2.9173435,3.02695846,3.54465624,3.47819031,3.44444972
2.50831934,2.6959521,2.76024695,2.73343356,1.55573094,1.67359214,1.57537805,1.48199911,1.51586736,1.76302286,1.43898693,1.553604,3.41472086,3.40180674,3.31306213,3.18381873,3.13449357,3.30972703,3.31807521,3.12967368
2.6761688,2.60214459,2.70475761,2.87167548,1.47130645,1.57210958,1.62860993,1.6123879,1.43485118,1.57440454,1.56752012,1.69111469,3.00986489,3.34072974,3.30090729,3.02058446,3.23450306,3.47144474,3.51664047,3.19322646
2.62813078,2.66271386,2.68934055,2.6993767,1.62401339,1.63442805,1.50012474,1.5176717,1.53007373,1.71416907,1.40605053,1.63173402,3.46618057,3.33378531,3.18985806,3.3541126,3.32596608,3.2324993,3.13286106,3.15777706
2.56244157,2.60887376,2.844547,2.84720691,1.59745987,1.64527833,1.48998723,1.53115698,1.5772131,1.68844999,1.42628385,1.57835745,3.38613698,3.53571405,3.23713756,3.05239759,3.2422723,3.44736405,3.20947074,2.99202375
2.54988852,2.5635354,2.90037635,2.74709896,1.47658164,1.63227317,1.5721647,1.58027787,1.49858644,1.72733292,1.52829484,1.51926924,3.10787087,3.26526076,3.5279273,3.11490559,3.02712303,3.31757354,3.39572944,3.43667082
2.61261583,2.44842738,2.86349879,2.76629155,1.44453064,1.53306024,1.66000163,1.63321938,1.45166872,1.61917674,1.49526427,1.68751545,3.07477331,3.4888906,3.36631165,3.19137485,3.04571563,3.23134633,3.5327212,3.33541745
2.52487681,2.47864845,2.92450539,2.96240892,1.39308888,1.59202931,1.62908631,1.61922873,1.49455877,1.5697866,1.55051665,1.61653088,3.36230785,3.18297619,3.22323056,3.29709784,3.17118006,3.10654496,3.32425121,3.53147914
2.67743034,2.58843996,2.68655098,2.90456003,1.43079283,1.68548911,1.60533236,1.5629936,1.45277625,1.65861888,1.62246452,1.54486023,3.23009687,3.28336774,3.22605912,3.3622053,3.40604531,3.05648133,3.20920639,3.32339873
2.65506762,2.54882964,2.73691932,2.85525879,1.53798771,1.58248591,1.70315564,1.45251576,1.41000969,1.73469547,1.44956433,1.68168882,3.25422983,3.29146782,3.33926684,3.19346341,3.11138306,3.21461614,3.3489496,3.38533174
2.56220215,2.53230249,2.78054549,2.90219286,1.5002852,1.5299453,1.52257942,1.7122619,1.54509632,1.4830611,1.50210383,1.73659887,3.22209264,3.43797872,3.47061732,3.29651968,3.02887174,3.1860375,3.38752677,3.15701424
2.46164707,2.72447736,2.77646868,2.75811817,1.53112491,1.59992162,1.47645784,1.66478037,1.62222575,1.61445313,1.44463543,1.60464087,3.61623399,3.30784603,3.23864404,3.12625096,3.20852879,3.29517038,3.15965968,3.26007136
2.72500237,2.60353445,2.72036684,2.8535817,1.58053298,1.49478896,1.53904686,1.67750925,1.56501989,1.53522977,1.44701131,1.72540248,3.4722209,3.36974358,3.02186467,3.18932636,3.50678648,3.19915042,3.01182935,3.27651262
2.52070911,2.50554374,2.82673295,2.78881259,1.45571116,1.50681094,1.61475321,1.68507632,1.44521656,1.60075179,1.54245464,1.67053985,3.47690424,3.1262141,3.19720765,3.24166323,3.38665799,3.21130574,3.05980798,3.58700299
2.52974416,2.4727993,2.70327555,2.91341217,1.54661633,1.68804578,1.40072403,1.63107268,1.67719807,1.58267265,1.42419561,1.56951789,3.51800103,3.26750232,3.35587267,3.34857079,3.23492243,3.08797697,3.08396892,3.43957724
2.44878801,2.49838931,2.89320831,2.84803683,1.38445353,1.65952501,1.5505732,1.66226982,1.54110783,1.54762992,1.56301952,1.58021986,3.18929328,3.22995603,3.24497936,3.50855823,3.1654657,3.00281716,3.58201601,3.39852783
2.58750947,2.56761162,2.87148892,2.77040685,1.62012317,1.6001642,1.52784896,1.52596297,1.56063893,1.70809566,1.38696885,1.60423936,3.26878777,3.30736448,3.20207465,3.14119279,3.24888069,3.35508992,3.32029566,3.30850198
2.52808449,2.49848304,2.62372294,2.75992809,1.55746666,1.63358603,1.48177727,1.60211922,1.59587878,1.63742584,1.36973879,1.67920196,3.34597954,3.54424361,3.23451732,3.15865235,3.28236421,3.28491844,3.39737916,3.20267502
2.59821496,2.66344407,2.86419329,2.75613851,1.46526658,1.55128576,1.62661884,1.63042085,1.45187202,1.60209173,1.56901314,1.65593575,3.29025299,3.24763525,3.42289164,3.27611976,3.02065809,3.22928064,3.29825438,3.28183951
2.60338182,2.61828495,2.79482354,2.79169162,1.66864076,1.56809408,1.41567316,1.61735783,1.68868644,1.63898356,1.33396369,1.6184086,3.41987766,3.31005371,3.28669035,3.18819939,3.1959737,3.21386573,3.1595429,3.33994038
2.50752156,2.60056893,2.85954465,2.89538087,1.49163835,1.59156659,1.5073686,1.6566749,1.59055874,1.50778757,1.50554271,1.6654833,3.47460105,3.11836352,2.95915673,3.4200385,3.41622926,3.08828746,3.27982354,3.38819467
2.65427585,2.58440366,2.90589654,2.77600282,1.4534664,1.64931452,1.6567667,1.51472319,1.44551415,1.72468512,1.55744569,1.53841522,3.21223119,3.39394352,3.30463508,3.36906574,3.11463364,3.06804622,3.33449661,3.26046169
2.46637055,2.49426403,2.86085027,2.81366096,1.3443757,1.60649149,1.65980897,1.65351621,1.4814725,1.6051253,1.55845661,1.596934,3.3346276,3.58876038,3.37827676,3.03031366,3.02815052,3.31647492,3.43332244,3.23048577
2.5747856,2.66952849,2.78462617,2.87545292,1.57900199,1.67651388,1.44374709,1.57296086,1.66985583,1.6311263,1.4371753,1.53193885,3.02659606,3.33961619,3.31698695,3.3478837,3.14081803,3.06642972,3.61060712,3.21414614
2.49095316,2.59460158,2.71988363,2.74693059,1.46819604,1.54978734,1.67627901,1.58391979,1.36712907,1.71628314,1.52953341,1.64947294,3.37864569,3.16021974,3.31510724,3.09285292,3.32395615,3.37988146,3.20243707,3.46895005
2.50431942,2.5566736,2.846527,2.82111545,1.46858624,1.56533142,1.46852896,1.74220663,1.66639251,1.47886673,1.48207755,1.64742874,3.4924892,3.15591886,3.1790894,3.2482285,3.20665501,3.14476374,3.26064112,3.54648207
2.46561393,2.58513319,2.81865429,2.82586346,1.58795192,1.61518571,1.52596102,1.53295196,1.53974855,1.75501253,1.4092509,1.54908407,3.25083972,3.38609865,3.29692166,3.1180248,3.31183335,3.29199368,3.3270766,3.27184285
2.56814114,2.50866158,2.78798263,2.77240691,1.55234411,1.68182994,1.45294658,1.58522535,1.58576805,1.63830075,1.44266323,1.59498447,3.39298717,3.45379699,2.99765151,3.31292669,3.48445321,3.25550515,3.22518936,3.14478377
2.61617221,2.59579977,2.75530725,2.84499172,1.51415192,1.66219087,1.57558585,1.51464993,1.42233684,1.66657074,1.56941791,1.61887131,3.19620409,3.03038528,3.52790625,3.45315602,3.0460906,3.18074441,3.30874837,3.37404197
2.59462828,2.63932494,2.69626877,2.77716962,1.43736089,1.60582606,1.66515875,1.56941921,1.38964919,1.71065752,1.58296857,1.5967975,3.30777535,3.35838999,3.42505256,3.29194196,3.18869255,3.11707924,3.21357041,3.27699336
2.497528,2.67337871,2.83634917,2.82916477,1.64443033,1.62351769,1.35745955,1.624346,1.69411481,1.56198694,1.40891005,1.60891298,3.31632456,3.27040896,3.17325318,3.31754276,3.31729788,3.26053593,3.34183804,3.13486978
2.61017049,2.61172861,2.77028241,2.92676841,1.47254114,1.62057038,1.68045822,1.48451176,1.44940293,1.70964688,1.5217485,1.60065277,3.19652568,3.32358747,3.29414177,3.15098875,3.15726736,3.19551481,3.42805001,3.3312518
2.66086399,2.66105398,2.82456661,2.94560537,1.53000211,1.49057276,1.57015179,1.68512747,1.5370749,1.52739936,1.5095031,1.69691246,3.41623668,3.42426522,3.43121376,3.25801254,3.07234504,3.08387889,3.07599115,3.18223837
2.53777043,2.54797671,2.79730949,2.76109413,1.49228206,1.52718016,1.56695189,1.67989461,1.55031981,1.52556472,1.44656359,1.74902801,3.31823935,3.22189174,2.9833666,3.01427064,3.33013392,3.50237168,3.49759828,3.39897228
2.62910033,2.64013118,2.71580302,2.78316361,1.5707024,1.68485241,1.42476599,1.59758011,1.69756805,1.58405966,1.40005831,1.59946921,3.47539906,3.13895194,3.12339665,3.19158123,3.21783061,3.27605136,3.27475758,3.43447347
